{
    "Rouge": {
        "rouge1": 0.4392042452920683,
        "rouge2": 0.08574585521400518,
        "rougeL": 0.1551522159748566
    },
    "BLEU": {
        "bleu": 0.025282275585113145,
        "backwards_bleu": 0.02594566614640423
    },
    "Bertscore": {
        "precision": 0.8270782828330994,
        "recall": 0.8208192409130565,
        "f1": 0.8239239600666782
    },
    "Jaccard distance": {
        "jaccard_distance": 0.877786088662808
    }
}