{
    "Rouge": {
        "rouge1": 0.43942573084355246,
        "rouge2": 0.08264111326589466,
        "rougeL": 0.15058499967695493
    },
    "BLEU": {
        "bleu": 0.013085374152461585,
        "backwards_bleu": 0.013784617303495162
    },
    "Bertscore": {
        "precision": 0.8230243697762489,
        "recall": 0.8192563354969025,
        "f1": 0.8211260445415973
    },
    "Jaccard distance": {
        "jaccard_distance": 0.8750575193201462
    }
}