{
    "Plot": {
        "expts": 0.5714285714285714,
        "vanilla": 0.42857142857142855
    },
    "Creativity": {
        "expts": 0.7857142857142857,
        "vanilla": 0.21428571428571427
    },
    "Development (Character and Setting)": {
        "expts": 0.5714285714285714,
        "vanilla": 0.42857142857142855
    },
    "Language Use": {
        "expts": 0.6428571428571429,
        "vanilla": 0.35714285714285715
    }
}