{
    "Plot": {
        "vanilla": 0.6428571428571429,
        "expts": 0.35714285714285715
    },
    "Creativity": {
        "expts": 0.8,
        "vanilla": 0.13333333333333333,
        "Tie": 0.06666666666666667
    },
    "Development (Character and Setting)": {
        "vanilla": 0.6666666666666666,
        "expts": 0.3333333333333333
    },
    "Language Use": {
        "expts": 0.5714285714285714,
        "vanilla": 0.42857142857142855
    }
}