{
    "Plot": {
        "vanilla": 0.4957627118644068,
        "expts": 0.4915254237288136,
        "Tie": 0.012711864406779662
    },
    "Creativity": {
        "expts": 0.6340425531914894,
        "vanilla": 0.35319148936170214,
        "Tie": 0.01276595744680851
    },
    "Development (Character and Setting)": {
        "vanilla": 0.5905172413793104,
        "expts": 0.39655172413793105,
        "Tie": 0.01293103448275862
    },
    "Language Use": {
        "vanilla": 0.5338983050847458,
        "expts": 0.4533898305084746,
        "Tie": 0.012711864406779662
    }
}