{
    "Plot": {
        "expts": 0.5063291139240507,
        "vanilla": 0.4810126582278481,
        "Tie": 0.012658227848101266
    },
    "Creativity": {
        "expts": 0.620253164556962,
        "vanilla": 0.3670886075949367,
        "Tie": 0.012658227848101266
    },
    "Development (Character and Setting)": {
        "vanilla": 0.5909090909090909,
        "expts": 0.38961038961038963,
        "Tie": 0.01948051948051948
    },
    "Language Use": {
        "vanilla": 0.5253164556962026,
        "expts": 0.45569620253164556,
        "Tie": 0.0189873417721519
    }
}