method,rouge1,rouge2,rougeL,bleu,backwards_bleu,precision,recall,f1,jaccard_distance,compression_ratio,homogenization_score_bleu,homogenization_score_rougel,homogenization_score_bertscore,ngram_diversity_score,avg_length,avg_flesch_reading_score,avg_luar_cosine_similarity
vanilla,0.4188874660575023,0.07016249472972713,0.14340272551287442,0.016709970521350037,0.016747001123560423,0.8206156219045321,0.8158069948355356,0.8181896011034647,0.8887979006320447,2.632,0.031,0.135,0.71,2.977,911.2916666666666,80.02458333333333,0.71855
vanilla_few_shot,0.4224234302824787,0.06731099462022674,0.14227978980202566,0.01532618154683433,0.015388394320570953,0.8220323696732521,0.81672320018212,0.8193495149413744,0.8918298100773384,2.624,0.026,0.129,0.708,3.013,917.4166666666666,78.05666666666666,0.7283416666666667
no_schema,0.4240805182672722,0.07148891940895731,0.14638669970876972,0.01757175384333311,0.017637404716679562,0.8216237848003706,0.8166480188568433,0.819112740457058,0.8901427331360989,2.664,0.023,0.135,0.708,2.97,932.0,80.24958333333333,0.7352666666666666
schema,0.4159496759845136,0.06775969152488985,0.14546487709976813,0.014993487937238481,0.01495664108848494,0.8202465077241262,0.8152231449882189,0.817708837489287,0.893322798941147,2.665,0.025,0.138,0.707,2.961,961.7916666666666,75.91375000000001,0.7430666666666667
gt,,,,,,,,,,2.486,0.01,0.116,0.688,3.079,964.6666666666666,81.89874999999999,
