{
    "Rouge": {
        "rouge1": 0.39305246173159986,
        "rouge2": 0.06325783382513178,
        "rougeL": 0.15119584612598105
    },
    "BLEU": {
        "bleu": 0.009748737054426467,
        "backwards_bleu": 0.009779440149892148
    },
    "Bertscore": {
        "precision": 0.8114532634615899,
        "recall": 0.8074334308505058,
        "f1": 0.8094249397516251
    },
    "Jaccard distance": {
        "jaccard_distance": 0.9006359343506105
    }
}