{
    "Plot": {
        "vanilla": 0.38596491228070173,
        "expts": 0.3333333333333333,
        "Tie": 0.2807017543859649
    },
    "Creativity": {
        "expts": 0.45614035087719296,
        "Tie": 0.3333333333333333,
        "vanilla": 0.21052631578947367
    },
    "Development (Character and Setting)": {
        "expts": 0.38596491228070173,
        "Tie": 0.3508771929824561,
        "vanilla": 0.2631578947368421
    },
    "Language Use": {
        "expts": 0.47368421052631576,
        "vanilla": 0.40350877192982454,
        "Tie": 0.12280701754385964
    }
}