{
    "Plot": {
        "vanilla": 0.4648621553884712,
        "expts": 0.2883020050125313,
        "Tie": 0.24683583959899752
    },
    "Creativity": {
        "vanilla": 0.4809523809523809,
        "Tie": 0.26476190476190475,
        "expts": 0.2542857142857143
    },
    "Development (Character and Setting)": {
        "vanilla": 0.448452380952381,
        "expts": 0.2795238095238095,
        "Tie": 0.2720238095238095
    },
    "Language Use": {
        "vanilla": 0.5139285714285714,
        "expts": 0.34321428571428575,
        "Tie": 0.14285714285714288
    }
}