{
    "Rouge": {
        "rouge1": 0.4387803274364918,
        "rouge2": 0.07962472695606893,
        "rougeL": 0.1508308922923903
    },
    "BLEU": {
        "bleu": 0.010984651382623218,
        "backwards_bleu": 0.011588804543441867
    },
    "Bertscore": {
        "precision": 0.8231088936328887,
        "recall": 0.8191384263336658,
        "f1": 0.8211088620126248
    },
    "Jaccard distance": {
        "jaccard_distance": 0.8759499980815179
    }
}