{
    "Plot": {
        "vanilla": 0.5625,
        "expts": 0.2875,
        "Tie": 0.15
    },
    "Creativity": {
        "vanilla": 0.43037974683544306,
        "expts": 0.4177215189873418,
        "Tie": 0.1518987341772152
    },
    "Development (Character and Setting)": {
        "expts": 0.45569620253164556,
        "vanilla": 0.31645569620253167,
        "Tie": 0.22784810126582278
    },
    "Language Use": {
        "expts": 0.5189873417721519,
        "vanilla": 0.34177215189873417,
        "Tie": 0.13924050632911392
    }
}