{
    "Plot": {
        "vanilla": 0.47944235588972434,
        "expts": 0.268515037593985,
        "Tie": 0.25204260651629073
    },
    "Creativity": {
        "expts": 0.512225622478787,
        "vanilla": 0.26611257940371863,
        "Tie": 0.22166179811749429
    },
    "Development (Character and Setting)": {
        "vanilla": 0.4059477808445163,
        "expts": 0.3344019427163997,
        "Tie": 0.2596502764390839
    },
    "Language Use": {
        "expts": 0.4652506098075719,
        "vanilla": 0.30148184350716,
        "Tie": 0.2332675466852682
    }
}