{
    "Plot": {
        "vanilla": 0.45614035087719296,
        "expts": 0.3157894736842105,
        "Tie": 0.22807017543859648
    },
    "Creativity": {
        "expts": 0.4642857142857143,
        "vanilla": 0.32142857142857145,
        "Tie": 0.21428571428571427
    },
    "Development (Character and Setting)": {
        "expts": 0.43636363636363634,
        "vanilla": 0.4,
        "Tie": 0.16363636363636364
    },
    "Language Use": {
        "vanilla": 0.4,
        "expts": 0.36363636363636365,
        "Tie": 0.23636363636363636
    }
}