{
    "Rouge": {
        "rouge1": 0.43540871819760546,
        "rouge2": 0.07851017461679241,
        "rougeL": 0.14781887664245952
    },
    "BLEU": {
        "bleu": 0.012081852321974892,
        "backwards_bleu": 0.012354298736819671
    },
    "Bertscore": {
        "precision": 0.8215534642338753,
        "recall": 0.8218884892761708,
        "f1": 0.8217111311852932
    },
    "Jaccard distance": {
        "jaccard_distance": 0.8793551462719538
    }
}