{
    "Plot": {
        "vanilla": 0.4439285714285714,
        "expts": 0.3514160401002506,
        "Tie": 0.20465538847117792
    },
    "Creativity": {
        "expts": 0.4109210526315789,
        "vanilla": 0.40582706766917287,
        "Tie": 0.1832518796992481
    },
    "Development (Character and Setting)": {
        "vanilla": 0.5540664160401002,
        "expts": 0.39988095238095245,
        "Tie": 0.046052631578947366
    },
    "Language Use": {
        "expts": 0.4768107769423559,
        "vanilla": 0.45915413533834587,
        "Tie": 0.06403508771929825
    }
}