{
    "Plot": {
        "expts": 0.40350877192982454,
        "vanilla": 0.3333333333333333,
        "Tie": 0.2631578947368421
    },
    "Creativity": {
        "expts": 0.5087719298245614,
        "vanilla": 0.3684210526315789,
        "Tie": 0.12280701754385964
    },
    "Development (Character and Setting)": {
        "vanilla": 0.5614035087719298,
        "expts": 0.3333333333333333,
        "Tie": 0.10526315789473684
    },
    "Language Use": {
        "expts": 0.5263157894736842,
        "vanilla": 0.40350877192982454,
        "Tie": 0.07017543859649122
    }
}