{
    "Rouge": {
        "rouge1": 0.4302015443989857,
        "rouge2": 0.08049707970419097,
        "rougeL": 0.14945185846609885
    },
    "BLEU": {
        "bleu": 0.01118963910641223,
        "backwards_bleu": 0.011965617835405798
    },
    "Bertscore": {
        "precision": 0.8220700338482857,
        "recall": 0.819316603988409,
        "f1": 0.8206795021891594
    },
    "Jaccard distance": {
        "jaccard_distance": 0.8801038215171898
    }
}