{
    "Rouge": {
        "rouge1": 0.41373366222013,
        "rouge2": 0.06687052649499707,
        "rougeL": 0.1463759799238526
    },
    "BLEU": {
        "bleu": 0.00799399540564315,
        "backwards_bleu": 0.008164108933942048
    },
    "Bertscore": {
        "precision": 0.8136836647987366,
        "recall": 0.8128743966420492,
        "f1": 0.8132724682490031
    },
    "Jaccard distance": {
        "jaccard_distance": 0.895910945587262
    }
}