{
    "Rouge": {
        "rouge1": 0.40152488468013403,
        "rouge2": 0.06715957343339468,
        "rougeL": 0.14307665431511246
    },
    "BLEU": {
        "bleu": 0.010337108799180105,
        "backwards_bleu": 0.011303491543125509
    },
    "Bertscore": {
        "precision": 0.8210081729972571,
        "recall": 0.8132738084123846,
        "f1": 0.8171093620752033
    },
    "Jaccard distance": {
        "jaccard_distance": 0.8932855258420822
    }
}