{
    "Plot": {
        "vanilla": 0.5247368421052633,
        "expts": 0.273577694235589,
        "Tie": 0.20168546365914786
    },
    "Creativity": {
        "vanilla": 0.3971616541353383,
        "expts": 0.3545551378446115,
        "Tie": 0.24828320802005016
    },
    "Development (Character and Setting)": {
        "vanilla": 0.4302255639097744,
        "expts": 0.3425438596491228,
        "Tie": 0.2272305764411028
    },
    "Language Use": {
        "vanilla": 0.4946177944862155,
        "expts": 0.3910087719298246,
        "Tie": 0.11437343358395988
    }
}