{
    "Plot": {
        "vanilla": 0.47368421052631576,
        "expts": 0.2982456140350877,
        "Tie": 0.22807017543859648
    },
    "Creativity": {
        "expts": 0.49122807017543857,
        "Tie": 0.2807017543859649,
        "vanilla": 0.22807017543859648
    },
    "Development (Character and Setting)": {
        "expts": 0.42105263157894735,
        "vanilla": 0.40350877192982454,
        "Tie": 0.17543859649122806
    },
    "Language Use": {
        "vanilla": 0.47368421052631576,
        "expts": 0.3508771929824561,
        "Tie": 0.17543859649122806
    }
}