{
    "Rouge": {
        "rouge1": 0.41396360335909604,
        "rouge2": 0.08844835258810355,
        "rougeL": 0.1520948386734502
    },
    "BLEU": {
        "bleu": 0.021048479268776142,
        "backwards_bleu": 0.02339534617607374
    },
    "Bertscore": {
        "precision": 0.8231770515441894,
        "recall": 0.8177910248438517,
        "f1": 0.8204687754313151
    },
    "Jaccard distance": {
        "jaccard_distance": 0.8855075880181905
    }
}