{
    "Rouge": {
        "rouge1": 0.4251753124333935,
        "rouge2": 0.09288843293999348,
        "rougeL": 0.16404182012502722
    },
    "BLEU": {
        "bleu": 0.03567664443525414,
        "backwards_bleu": 0.03665033060892127
    },
    "Bertscore": {
        "precision": 0.8221170291304588,
        "recall": 0.8156553402543067,
        "f1": 0.8188593998551369
    },
    "Jaccard distance": {
        "jaccard_distance": 0.8811446867363291
    }
}