{
    "Plot": {
        "expts": 0.6719924812030074,
        "vanilla": 0.21760651629072686,
        "Tie": 0.11040100250626568
    },
    "Creativity": {
        "expts": 0.7347869674185463,
        "vanilla": 0.200093984962406,
        "Tie": 0.06511904761904762
    },
    "Development (Character and Setting)": {
        "expts": 0.6191165413533835,
        "vanilla": 0.35386591478696744,
        "Tie": 0.027017543859649124
    },
    "Language Use": {
        "expts": 0.6379573934837092,
        "vanilla": 0.3292481203007519,
        "Tie": 0.03279448621553885
    }
}