{
    "Rouge": {
        "rouge1": 0.4003068671666347,
        "rouge2": 0.06715408226880039,
        "rougeL": 0.1434857734074239
    },
    "BLEU": {
        "bleu": 0.006520790261207532,
        "backwards_bleu": 0.007466964885891791
    },
    "Bertscore": {
        "precision": 0.8155263503392537,
        "recall": 0.8104309837023417,
        "f1": 0.8129583875338237
    },
    "Jaccard distance": {
        "jaccard_distance": 0.8941188804781272
    }
}