{
    "Rouge": {
        "rouge1": 0.4029349406944724,
        "rouge2": 0.0661544535316777,
        "rougeL": 0.15248130796889028
    },
    "BLEU": {
        "bleu": 0.009714447140847168,
        "backwards_bleu": 0.009927049016131983
    },
    "Bertscore": {
        "precision": 0.8159356012940406,
        "recall": 0.8076284527778625,
        "f1": 0.8117504224181176
    },
    "Jaccard distance": {
        "jaccard_distance": 0.8977159609055851
    }
}