{
    "Rouge": {
        "rouge1": 0.40242464523586563,
        "rouge2": 0.07559329171734765,
        "rougeL": 0.13885117724147963
    },
    "BLEU": {
        "bleu": 0.007313354422850786,
        "backwards_bleu": 0.0090585295054843
    },
    "Bertscore": {
        "precision": 0.8178154868738992,
        "recall": 0.8125945585114616,
        "f1": 0.8151811403887612
    },
    "Jaccard distance": {
        "jaccard_distance": 0.889038050021841
    }
}