{
    "Rouge": {
        "rouge1": 0.4687723166144018,
        "rouge2": 0.10098178423992861,
        "rougeL": 0.16032977935221587
    },
    "BLEU": {
        "bleu": 0.03304919689706695,
        "backwards_bleu": 0.03355756131351405
    },
    "Bertscore": {
        "precision": 0.8303499765694141,
        "recall": 0.8308015048503876,
        "f1": 0.8305638529360294
    },
    "Jaccard distance": {
        "jaccard_distance": 0.8634919372106366
    }
}