{
    "Rouge": {
        "rouge1": 0.4297700431360346,
        "rouge2": 0.07716102454883751,
        "rougeL": 0.14924987494785358
    },
    "BLEU": {
        "bleu": 0.008344565337628828,
        "backwards_bleu": 0.008632571821119017
    },
    "Bertscore": {
        "precision": 0.8155734777450562,
        "recall": 0.8093736290931701,
        "f1": 0.8124427159627279
    },
    "Jaccard distance": {
        "jaccard_distance": 0.8861010159920879
    }
}