{
    "Plot": {
        "expts": 0.40706140350877196,
        "vanilla": 0.34844611528822056,
        "Tie": 0.2444924812030075
    },
    "Creativity": {
        "vanilla": 0.3688659147869674,
        "Tie": 0.3284085213032581,
        "expts": 0.30272556390977445
    },
    "Development (Character and Setting)": {
        "vanilla": 0.47176691729323306,
        "Tie": 0.2735338345864662,
        "expts": 0.25469924812030076
    },
    "Language Use": {
        "vanilla": 0.4800250626566416,
        "expts": 0.38088972431077694,
        "Tie": 0.13908521303258145
    }
}