{
    "Rouge": {
        "rouge1": 0.40257796561068176,
        "rouge2": 0.06857319973137693,
        "rougeL": 0.14578611105544664
    },
    "BLEU": {
        "bleu": 0.006102279564444854,
        "backwards_bleu": 0.006772425608759511
    },
    "Bertscore": {
        "precision": 0.8161951224009196,
        "recall": 0.8099222938219707,
        "f1": 0.8130330522855123
    },
    "Jaccard distance": {
        "jaccard_distance": 0.8938878872171084
    }
}