{
    "Plot": {
        "vanilla": 0.42325814536340856,
        "Tie": 0.31559523809523815,
        "expts": 0.2611466165413534
    },
    "Creativity": {
        "Tie": 0.3703884711779448,
        "vanilla": 0.36584586466165414,
        "expts": 0.26376566416040104
    },
    "Development (Character and Setting)": {
        "expts": 0.35023182957393484,
        "vanilla": 0.3371992481203008,
        "Tie": 0.3125689223057644
    },
    "Language Use": {
        "expts": 0.41498746867167924,
        "vanilla": 0.40825814536340854,
        "Tie": 0.17675438596491228
    }
}