{
    "Plot": {
        "vanilla": 0.42105263157894735,
        "Tie": 0.3333333333333333,
        "expts": 0.24561403508771928
    },
    "Creativity": {
        "Tie": 0.49122807017543857,
        "vanilla": 0.2631578947368421,
        "expts": 0.24561403508771928
    },
    "Development (Character and Setting)": {
        "expts": 0.3684210526315789,
        "vanilla": 0.3508771929824561,
        "Tie": 0.2807017543859649
    },
    "Language Use": {
        "vanilla": 0.42105263157894735,
        "expts": 0.40350877192982454,
        "Tie": 0.17543859649122806
    }
}