{
    "Rouge": {
        "rouge1": 0.45397138666407005,
        "rouge2": 0.095998507350098,
        "rougeL": 0.1594308006999045
    },
    "BLEU": {
        "bleu": 0.02640968764722758,
        "backwards_bleu": 0.02788531160312257
    },
    "Bertscore": {
        "precision": 0.8281528070569039,
        "recall": 0.8247330389916897,
        "f1": 0.8264315351843834
    },
    "Jaccard distance": {
        "jaccard_distance": 0.8673630694822064
    }
}