{
    "Rouge": {
        "rouge1": 0.43377483664783123,
        "rouge2": 0.07722583757740009,
        "rougeL": 0.147614450672708
    },
    "BLEU": {
        "bleu": 0.012140444054063148,
        "backwards_bleu": 0.012322005413529867
    },
    "Bertscore": {
        "precision": 0.8216124750673771,
        "recall": 0.8225671947002411,
        "f1": 0.8220768377184868
    },
    "Jaccard distance": {
        "jaccard_distance": 0.8778062872171546
    }
}