{
    "Rouge": {
        "rouge1": 0.41055653412354093,
        "rouge2": 0.070503636749657,
        "rougeL": 0.14762202414753545
    },
    "BLEU": {
        "bleu": 0.012748905763546847,
        "backwards_bleu": 0.013020223664482366
    },
    "Bertscore": {
        "precision": 0.8185040020106131,
        "recall": 0.8117784272160447,
        "f1": 0.8151073497638368
    },
    "Jaccard distance": {
        "jaccard_distance": 0.8896302534375048
    }
}