{
    "Plot": {
        "vanilla": 0.5087719298245614,
        "expts": 0.38596491228070173,
        "Tie": 0.10526315789473684
    },
    "Creativity": {
        "vanilla": 0.47368421052631576,
        "expts": 0.38596491228070173,
        "Tie": 0.14035087719298245
    },
    "Development (Character and Setting)": {
        "vanilla": 0.5614035087719298,
        "expts": 0.3684210526315789,
        "Tie": 0.07017543859649122
    },
    "Language Use": {
        "vanilla": 0.543859649122807,
        "expts": 0.3684210526315789,
        "Tie": 0.08771929824561403
    }
}