{
    "Plot": {
        "vanilla": 0.47390350877192977,
        "expts": 0.31161654135338346,
        "Tie": 0.2144799498746867
    },
    "Creativity": {
        "vanilla": 0.42205513784461146,
        "expts": 0.3106077694235589,
        "Tie": 0.2673370927318296
    },
    "Development (Character and Setting)": {
        "expts": 0.5043922305764411,
        "vanilla": 0.46031328320802006,
        "Tie": 0.03529448621553885
    },
    "Language Use": {
        "vanilla": 0.4926190476190476,
        "expts": 0.37452380952380954,
        "Tie": 0.13285714285714287
    }
}