{
    "Plot": {
        "vanilla": 0.47368421052631576,
        "expts": 0.2807017543859649,
        "Tie": 0.24561403508771928
    },
    "Creativity": {
        "vanilla": 0.49122807017543857,
        "expts": 0.2631578947368421,
        "Tie": 0.24561403508771928
    },
    "Development (Character and Setting)": {
        "vanilla": 0.5789473684210527,
        "expts": 0.40350877192982454,
        "Tie": 0.017543859649122806
    },
    "Language Use": {
        "vanilla": 0.5,
        "expts": 0.35714285714285715,
        "Tie": 0.14285714285714285
    }
}