{
    "Plot": {
        "vanilla": 0.6153846153846154,
        "expts": 0.38461538461538464
    },
    "Creativity": {
        "expts": 0.7142857142857143,
        "vanilla": 0.2857142857142857
    },
    "Development (Character and Setting)": {
        "vanilla": 0.5714285714285714,
        "expts": 0.35714285714285715,
        "Tie": 0.07142857142857142
    },
    "Language Use": {
        "expts": 0.7857142857142857,
        "vanilla": 0.21428571428571427
    }
}