{
    "Plot": {
        "vanilla": 0.4935897435897436,
        "expts": 0.42948717948717946,
        "Tie": 0.07692307692307693
    },
    "Creativity": {
        "vanilla": 0.45569620253164556,
        "expts": 0.4240506329113924,
        "Tie": 0.12025316455696203
    },
    "Development (Character and Setting)": {
        "vanilla": 0.5806451612903226,
        "expts": 0.3935483870967742,
        "Tie": 0.025806451612903226
    },
    "Language Use": {
        "expts": 0.5290322580645161,
        "vanilla": 0.43870967741935485,
        "Tie": 0.03225806451612903
    }
}