{
    "Plot": {
        "vanilla": 0.48717948717948717,
        "expts": 0.4358974358974359,
        "Tie": 0.07692307692307693
    },
    "Creativity": {
        "vanilla": 0.4449152542372881,
        "expts": 0.4194915254237288,
        "Tie": 0.13559322033898305
    },
    "Development (Character and Setting)": {
        "vanilla": 0.5757575757575758,
        "expts": 0.4025974025974026,
        "Tie": 0.021645021645021644
    },
    "Language Use": {
        "expts": 0.5,
        "vanilla": 0.45689655172413796,
        "Tie": 0.04310344827586207
    }
}