{
    "Rouge": {
        "rouge1": 0.4368352317006643,
        "rouge2": 0.08468787302147669,
        "rougeL": 0.15761267559943498
    },
    "BLEU": {
        "bleu": 0.03369874919131281,
        "backwards_bleu": 0.03380103104922499
    },
    "Bertscore": {
        "precision": 0.8306222814547864,
        "recall": 0.8298623873714657,
        "f1": 0.8302301238860762
    },
    "Jaccard distance": {
        "jaccard_distance": 0.8748691609394148
    }
}