{
    "Rouge": {
        "rouge1": 0.45103492661836864,
        "rouge2": 0.08956553440839106,
        "rougeL": 0.1559079419428956
    },
    "BLEU": {
        "bleu": 0.03348953858827037,
        "backwards_bleu": 0.0335983655945177
    },
    "Bertscore": {
        "precision": 0.828815451839514,
        "recall": 0.826873851449866,
        "f1": 0.8278311302787379
    },
    "Jaccard distance": {
        "jaccard_distance": 0.8759054936388925
    }
}