{
    "Plot": {
        "vanilla": 0.42857142857142855,
        "expts": 0.35714285714285715,
        "Tie": 0.21428571428571427
    },
    "Creativity": {
        "vanilla": 0.6428571428571429,
        "expts": 0.35714285714285715
    },
    "Development (Character and Setting)": {
        "expts": 0.5714285714285714,
        "vanilla": 0.42857142857142855
    },
    "Language Use": {
        "vanilla": 0.42857142857142855,
        "expts": 0.42857142857142855,
        "Tie": 0.14285714285714285
    }
}