{
    "Plot": {
        "expts": 0.45614035087719296,
        "vanilla": 0.3684210526315789,
        "Tie": 0.17543859649122806
    },
    "Creativity": {
        "expts": 0.5789473684210527,
        "vanilla": 0.3508771929824561,
        "Tie": 0.07017543859649122
    },
    "Development (Character and Setting)": {
        "vanilla": 0.5789473684210527,
        "expts": 0.3508771929824561,
        "Tie": 0.07017543859649122
    },
    "Language Use": {
        "expts": 0.47368421052631576,
        "vanilla": 0.43859649122807015,
        "Tie": 0.08771929824561403
    }
}