{
    "Plot": {
        "vanilla": 0.6025641025641025,
        "expts": 0.3525641025641026,
        "Tie": 0.04487179487179487
    },
    "Creativity": {
        "expts": 0.6265822784810127,
        "vanilla": 0.36075949367088606,
        "Tie": 0.012658227848101266
    },
    "Development (Character and Setting)": {
        "vanilla": 0.5064102564102564,
        "expts": 0.48717948717948717,
        "Tie": 0.00641025641025641
    },
    "Language Use": {
        "vanilla": 0.5414012738853503,
        "expts": 0.4585987261146497
    }
}