{
    "Plot": {
        "vanilla": 0.5665236051502146,
        "expts": 0.38626609442060084,
        "Tie": 0.04721030042918455
    },
    "Creativity": {
        "expts": 0.625531914893617,
        "vanilla": 0.34893617021276596,
        "Tie": 0.02553191489361702
    },
    "Development (Character and Setting)": {
        "vanilla": 0.4978540772532189,
        "expts": 0.49356223175965663,
        "Tie": 0.008583690987124463
    },
    "Language Use": {
        "vanilla": 0.5191489361702127,
        "expts": 0.4723404255319149,
        "Tie": 0.00851063829787234
    }
}