{
    "Plot": {
        "expts": 0.6582278481012658,
        "vanilla": 0.3037974683544304,
        "Tie": 0.0379746835443038
    },
    "Creativity": {
        "expts": 0.759493670886076,
        "vanilla": 0.1518987341772152,
        "Tie": 0.08860759493670886
    },
    "Development (Character and Setting)": {
        "expts": 0.8461538461538461,
        "vanilla": 0.15384615384615385
    },
    "Language Use": {
        "expts": 0.8589743589743589,
        "vanilla": 0.14102564102564102
    }
}