{
    "Plot": {
        "expts": 0.75,
        "vanilla": 0.25
    },
    "Creativity": {
        "expts": 0.7142857142857143,
        "vanilla": 0.21428571428571427,
        "Tie": 0.07142857142857142
    },
    "Development (Character and Setting)": {
        "expts": 0.6153846153846154,
        "vanilla": 0.38461538461538464
    },
    "Language Use": {
        "expts": 0.8571428571428571,
        "vanilla": 0.14285714285714285
    }
}