{
    "Plot": {
        "expts": 0.6428571428571429,
        "vanilla": 0.35714285714285715
    },
    "Creativity": {
        "expts": 0.8571428571428571,
        "Tie": 0.07142857142857142,
        "vanilla": 0.07142857142857142
    },
    "Development (Character and Setting)": {
        "expts": 0.6428571428571429,
        "vanilla": 0.35714285714285715
    },
    "Language Use": {
        "expts": 1.0
    }
}