{
    "Creativity": {
        "expts": 0.7857142857142857,
        "vanilla": 0.21428571428571427
    },
    "Development (Character and Setting)": {
        "expts": 0.6428571428571429,
        "vanilla": 0.2857142857142857,
        "Tie": 0.07142857142857142
    },
    "Language Use": {
        "expts": 0.7857142857142857,
        "vanilla": 0.21428571428571427
    },
    "Plot": {
        "expts": 0.8461538461538461,
        "vanilla": 0.15384615384615385
    }
}