{
    "Plot": {
        "expts": 0.7333333333333333,
        "vanilla": 0.26666666666666666
    },
    "Creativity": {
        "expts": 0.8666666666666667,
        "vanilla": 0.13333333333333333
    },
    "Development (Character and Setting)": {
        "expts": 0.6666666666666666,
        "vanilla": 0.3333333333333333
    },
    "Language Use": {
        "expts": 0.8666666666666667,
        "vanilla": 0.13333333333333333
    }
}