{
    "Plot": {
        "expts": 0.8340425531914893,
        "vanilla": 0.14893617021276595,
        "Tie": 0.01702127659574468
    },
    "Creativity": {
        "expts": 0.8143459915611815,
        "vanilla": 0.1729957805907173,
        "Tie": 0.012658227848101266
    },
    "Development (Character and Setting)": {
        "expts": 0.7787234042553192,
        "vanilla": 0.2170212765957447,
        "Tie": 0.00425531914893617
    },
    "Language Use": {
        "expts": 0.8589743589743589,
        "vanilla": 0.13675213675213677,
        "Tie": 0.004273504273504274
    }
}