{
    "Plot": {
        "expts": 0.8544303797468354,
        "vanilla": 0.14556962025316456
    },
    "Creativity": {
        "expts": 0.7987421383647799,
        "vanilla": 0.18238993710691823,
        "Tie": 0.018867924528301886
    },
    "Development (Character and Setting)": {
        "expts": 0.7961783439490446,
        "vanilla": 0.19745222929936307,
        "Tie": 0.006369426751592357
    },
    "Language Use": {
        "expts": 0.8407643312101911,
        "vanilla": 0.15286624203821655,
        "Tie": 0.006369426751592357
    }
}