{
    "Rouge": {
        "rouge1": 0.4034848882012845,
        "rouge2": 0.060045395592820086,
        "rougeL": 0.14275932863205854
    },
    "BLEU": {
        "bleu": 0.011268995611264683,
        "backwards_bleu": 0.011302660156968848
    },
    "Bertscore": {
        "precision": 0.8211357103565992,
        "recall": 0.8190807227866125,
        "f1": 0.8200930831796032
    },
    "Jaccard distance": {
        "jaccard_distance": 0.8912279164037198
    }
}