{
    "Rouge": {
        "rouge1": 0.4285917149232989,
        "rouge2": 0.06955959268629744,
        "rougeL": 0.14257939079457693
    },
    "BLEU": {
        "bleu": 0.016019548672922383,
        "backwards_bleu": 0.01606813895327777
    },
    "Bertscore": {
        "precision": 0.8217389834554572,
        "recall": 0.8165636951463264,
        "f1": 0.8191276736426771
    },
    "Jaccard distance": {
        "jaccard_distance": 0.8858716036699652
    }
}