{
    "Rouge": {
        "rouge1": 0.3991079368670704,
        "rouge2": 0.0678797578265332,
        "rougeL": 0.1521842283564319
    },
    "BLEU": {
        "bleu": 0.011079966237807147,
        "backwards_bleu": 0.011519360138392113
    },
    "Bertscore": {
        "precision": 0.8139997467398643,
        "recall": 0.8079035893082619,
        "f1": 0.8109259873628616
    },
    "Jaccard distance": {
        "jaccard_distance": 0.8971570784347469
    }
}