{
    "Rouge": {
        "rouge1": 0.4309166590450637,
        "rouge2": 0.09148608130816227,
        "rougeL": 0.1652272303911779
    },
    "BLEU": {
        "bleu": 0.03066794747033571,
        "backwards_bleu": 0.03104951682795331
    },
    "Bertscore": {
        "precision": 0.822586341202259,
        "recall": 0.8156199604272842,
        "f1": 0.8190699428319931
    },
    "Jaccard distance": {
        "jaccard_distance": 0.8789103605734532
    }
}