{
    "author_attribution": {
        "author_attr_cosine_similarity_gt": 0.8903776009877523,
        "author_attr_cosine_similarity_gen": 0.8136427588760854
    }
}