{
    "Rouge": {
        "rouge1": 0.41660251931376757,
        "rouge2": 0.06848176141566333,
        "rougeL": 0.14636101590061842
    },
    "BLEU": {
        "bleu": 0.013535174000282875,
        "backwards_bleu": 0.014022309879312739
    },
    "Bertscore": {
        "precision": 0.8178198881316603,
        "recall": 0.8123210156173036,
        "f1": 0.8150444909145957
    },
    "Jaccard distance": {
        "jaccard_distance": 0.8893598047177694
    }
}