{
    "length": {
        "avg_length_gt": 944.9473684210526,
        "avg_length_gen": 806.8070175438596
    },
    "reading_score": {
        "avg_flesch_reading_score_gt": 83.50315789473684,
        "avg_flesch_reading_score_gen": 80.15105263157893
    },
    "luar_score": {
        "avg_luar_cosine_similarity": 0.7690403508771929
    }
}