{
    "Rouge": {
        "rouge1": 0.39290833723653223,
        "rouge2": 0.07123407631722081,
        "rougeL": 0.14028106384213118
    },
    "BLEU": {
        "bleu": 0.005705918470620512,
        "backwards_bleu": 0.007379706958498054
    },
    "Bertscore": {
        "precision": 0.817944096667426,
        "recall": 0.8125356350626264,
        "f1": 0.8152191851820264
    },
    "Jaccard distance": {
        "jaccard_distance": 0.8896299179308947
    }
}