{
    "Plot": {
        "expts": 0.515889724310777,
        "vanilla": 0.2753884711779449,
        "Tie": 0.2087218045112782
    },
    "Creativity": {
        "vanilla": 0.42865288220551373,
        "expts": 0.38805137844611526,
        "Tie": 0.1832957393483709
    },
    "Development (Character and Setting)": {
        "vanilla": 0.4376127819548873,
        "expts": 0.40276315789473677,
        "Tie": 0.15962406015037595
    },
    "Language Use": {
        "vanilla": 0.484092192506583,
        "expts": 0.39316027410297893,
        "Tie": 0.12274753339043812
    }
}