{
    "Rouge": {
        "rouge1": 0.39345289234755226,
        "rouge2": 0.0619548746303204,
        "rougeL": 0.15160945396334885
    },
    "BLEU": {
        "bleu": 0.010273524252694581,
        "backwards_bleu": 0.010247744436274266
    },
    "Bertscore": {
        "precision": 0.8124296486377716,
        "recall": 0.8081001564860344,
        "f1": 0.8102475687861442
    },
    "Jaccard distance": {
        "jaccard_distance": 0.9009078082993686
    }
}