{
    "Rouge": {
        "rouge1": 0.4348930314794853,
        "rouge2": 0.07720104891966006,
        "rougeL": 0.14688798399488945
    },
    "BLEU": {
        "bleu": 0.011720985632366345,
        "backwards_bleu": 0.011864776841646777
    },
    "Bertscore": {
        "precision": 0.8202677235007286,
        "recall": 0.821364426612854,
        "f1": 0.8208033561706543
    },
    "Jaccard distance": {
        "jaccard_distance": 0.8812438980630908
    }
}