{
    "Rouge": {
        "rouge1": 0.40092393033327445,
        "rouge2": 0.06608674767389125,
        "rougeL": 0.15060250648060106
    },
    "BLEU": {
        "bleu": 0.010653787003698576,
        "backwards_bleu": 0.010952761049282052
    },
    "Bertscore": {
        "precision": 0.8155457764863968,
        "recall": 0.8074346065521241,
        "f1": 0.8114555105566978
    },
    "Jaccard distance": {
        "jaccard_distance": 0.8913836769674102
    }
}