{
    "Rouge": {
        "rouge1": 0.4579736254472273,
        "rouge2": 0.1010343385875145,
        "rougeL": 0.16343661167566367
    },
    "BLEU": {
        "bleu": 0.027083070604911302,
        "backwards_bleu": 0.029650675350350503
    },
    "Bertscore": {
        "precision": 0.8294261038303375,
        "recall": 0.8267907135188579,
        "f1": 0.8280961155891419
    },
    "Jaccard distance": {
        "jaccard_distance": 0.8640371294016969
    }
}