{
    "Rouge": {
        "rouge1": 0.40338431503300887,
        "rouge2": 0.0654344666487293,
        "rougeL": 0.14694690350964032
    },
    "BLEU": {
        "bleu": 0.013357701287626842,
        "backwards_bleu": 0.013861947014889965
    },
    "Bertscore": {
        "precision": 0.8206036299989935,
        "recall": 0.8130779653264765,
        "f1": 0.8168065955764369
    },
    "Jaccard distance": {
        "jaccard_distance": 0.8897323887290413
    }
}