{
    "Rouge": {
        "rouge1": 0.4246826368822116,
        "rouge2": 0.0700597591999597,
        "rougeL": 0.14238770223784994
    },
    "BLEU": {
        "bleu": 0.016161449981723308,
        "backwards_bleu": 0.016247808536768927
    },
    "Bertscore": {
        "precision": 0.8210520608383313,
        "recall": 0.8166403341711613,
        "f1": 0.8188274586409853
    },
    "Jaccard distance": {
        "jaccard_distance": 0.885165779115646
    }
}