{
    "Plot": {
        "expts": 0.6429573934837093,
        "vanilla": 0.2793233082706767,
        "Tie": 0.07771929824561405
    },
    "Creativity": {
        "expts": 0.6525626566416041,
        "vanilla": 0.2642481203007519,
        "Tie": 0.08318922305764412
    },
    "Development (Character and Setting)": {
        "expts": 0.5365037593984963,
        "vanilla": 0.4514786967418547,
        "Tie": 0.012017543859649125
    },
    "Language Use": {
        "expts": 0.5911466165413535,
        "vanilla": 0.3655325814536341,
        "Tie": 0.04332080200501253
    }
}