{
    "Plot": {
        "expts": 0.7719298245614035,
        "vanilla": 0.12280701754385964,
        "Tie": 0.10526315789473684
    },
    "Creativity": {
        "expts": 0.6491228070175439,
        "vanilla": 0.21052631578947367,
        "Tie": 0.14035087719298245
    },
    "Development (Character and Setting)": {
        "expts": 0.5789473684210527,
        "vanilla": 0.38596491228070173,
        "Tie": 0.03508771929824561
    },
    "Language Use": {
        "expts": 0.5789473684210527,
        "vanilla": 0.3508771929824561,
        "Tie": 0.07017543859649122
    }
}