{
    "Rouge": {
        "rouge1": 0.4013040090935636,
        "rouge2": 0.07039282959791718,
        "rougeL": 0.14642809185493683
    },
    "BLEU": {
        "bleu": 0.010523092544927256,
        "backwards_bleu": 0.010882931568099373
    },
    "Bertscore": {
        "precision": 0.8121248086293539,
        "recall": 0.8079139749209087,
        "f1": 0.8099998354911804
    },
    "Jaccard distance": {
        "jaccard_distance": 0.8895880737295356
    }
}