{
    "Plot": {
        "expts": 0.39302005012531327,
        "vanilla": 0.37470551378446115,
        "Tie": 0.23227443609022558
    },
    "Creativity": {
        "vanilla": 0.3726691729323308,
        "expts": 0.3499812030075188,
        "Tie": 0.2773496240601504
    },
    "Development (Character and Setting)": {
        "vanilla": 0.4719548872180451,
        "expts": 0.2980200501253133,
        "Tie": 0.23002506265664158
    },
    "Language Use": {
        "vanilla": 0.5200438596491228,
        "expts": 0.3326127819548872,
        "Tie": 0.14734335839598997
    }
}