{
    "Plot": {
        "vanilla": 0.4314348370927318,
        "expts": 0.3055451127819549,
        "Tie": 0.26302005012531326
    },
    "Creativity": {
        "Tie": 0.38641604010025066,
        "vanilla": 0.3180075187969925,
        "expts": 0.2955764411027569
    },
    "Development (Character and Setting)": {
        "vanilla": 0.4023182957393484,
        "Tie": 0.3047055137844611,
        "expts": 0.29297619047619045
    },
    "Language Use": {
        "vanilla": 0.42288847117794487,
        "expts": 0.3896303258145364,
        "Tie": 0.1874812030075188
    }
}