{
    "Plot": {
        "Tie": 0.42105263157894735,
        "vanilla": 0.2982456140350877,
        "expts": 0.2807017543859649
    },
    "Creativity": {
        "expts": 0.43859649122807015,
        "Tie": 0.40350877192982454,
        "vanilla": 0.15789473684210525
    },
    "Development (Character and Setting)": {
        "vanilla": 0.3508771929824561,
        "expts": 0.3333333333333333,
        "Tie": 0.3157894736842105
    },
    "Language Use": {
        "vanilla": 0.49122807017543857,
        "expts": 0.40350877192982454,
        "Tie": 0.10526315789473684
    }
}