{
    "Rouge": {
        "rouge1": 0.40576603501737674,
        "rouge2": 0.06447583735197203,
        "rougeL": 0.14331857333941633
    },
    "BLEU": {
        "bleu": 0.007537722639861443,
        "backwards_bleu": 0.007850772737965899
    },
    "Bertscore": {
        "precision": 0.8133495370546977,
        "recall": 0.8070587118466696,
        "f1": 0.8101802666982015
    },
    "Jaccard distance": {
        "jaccard_distance": 0.8896385201117621
    }
}