{
    "Plot": {
        "vanilla": 0.5,
        "expts": 0.35714285714285715,
        "Tie": 0.14285714285714285
    },
    "Creativity": {
        "expts": 0.35714285714285715,
        "Tie": 0.35714285714285715,
        "vanilla": 0.2857142857142857
    },
    "Development (Character and Setting)": {
        "vanilla": 0.7142857142857143,
        "expts": 0.2857142857142857
    },
    "Language Use": {
        "vanilla": 0.5,
        "expts": 0.35714285714285715,
        "Tie": 0.14285714285714285
    }
}