{
    "Plot": {
        "vanilla": 0.40824561403508774,
        "expts": 0.3913847117794486,
        "Tie": 0.20036967418546364
    },
    "Creativity": {
        "vanilla": 0.4745989974937343,
        "expts": 0.29958646616541357,
        "Tie": 0.22581453634085213
    },
    "Development (Character and Setting)": {
        "vanilla": 0.6223308270676692,
        "expts": 0.31130952380952376,
        "Tie": 0.06635964912280701
    },
    "Language Use": {
        "expts": 0.45785714285714285,
        "vanilla": 0.39190476190476187,
        "Tie": 0.15023809523809523
    }
}