{
    "Plot": {
        "vanilla": 0.49122807017543857,
        "Tie": 0.2631578947368421,
        "expts": 0.24561403508771928
    },
    "Creativity": {
        "vanilla": 0.5789473684210527,
        "expts": 0.3157894736842105,
        "Tie": 0.10526315789473684
    },
    "Development (Character and Setting)": {
        "vanilla": 0.6140350877192983,
        "expts": 0.3333333333333333,
        "Tie": 0.05263157894736842
    },
    "Language Use": {
        "vanilla": 0.39285714285714285,
        "expts": 0.35714285714285715,
        "Tie": 0.25
    }
}