{
    "Rouge": {
        "rouge1": 0.4022434948859704,
        "rouge2": 0.06859926748103379,
        "rougeL": 0.1458045190879906
    },
    "BLEU": {
        "bleu": 0.006464152323420805,
        "backwards_bleu": 0.00740176618460599
    },
    "Bertscore": {
        "precision": 0.8147153854370117,
        "recall": 0.8093466560045878,
        "f1": 0.8120111385981242
    },
    "Jaccard distance": {
        "jaccard_distance": 0.8994539766711696
    }
}