{
    "Plot": {
        "expts": 0.8421052631578947,
        "Tie": 0.08771929824561403,
        "vanilla": 0.07017543859649122
    },
    "Creativity": {
        "expts": 0.8596491228070176,
        "vanilla": 0.14035087719298245
    },
    "Development (Character and Setting)": {
        "expts": 0.6140350877192983,
        "vanilla": 0.3508771929824561,
        "Tie": 0.03508771929824561
    },
    "Language Use": {
        "expts": 0.7719298245614035,
        "vanilla": 0.21052631578947367,
        "Tie": 0.017543859649122806
    }
}