{
    "Plot": {
        "Tie": 0.3684210526315789,
        "vanilla": 0.3508771929824561,
        "expts": 0.2807017543859649
    },
    "Creativity": {
        "expts": 0.38596491228070173,
        "vanilla": 0.3333333333333333,
        "Tie": 0.2807017543859649
    },
    "Development (Character and Setting)": {
        "expts": 0.43859649122807015,
        "vanilla": 0.38596491228070173,
        "Tie": 0.17543859649122806
    },
    "Language Use": {
        "vanilla": 0.45614035087719296,
        "expts": 0.40350877192982454,
        "Tie": 0.14035087719298245
    }
}