{
    "Plot": {
        "expts": 0.5217543859649123,
        "vanilla": 0.24994987468671676,
        "Tie": 0.22829573934837094
    },
    "Creativity": {
        "expts": 0.44478680879413723,
        "vanilla": 0.3765499191015514,
        "Tie": 0.1786632721043114
    },
    "Development (Character and Setting)": {
        "vanilla": 0.49664144538561594,
        "expts": 0.47217934075695567,
        "Tie": 0.03117921385742838
    },
    "Language Use": {
        "expts": 0.5110910186859554,
        "vanilla": 0.4165129596142254,
        "Tie": 0.07239602169981915
    }
}