{
    "Plot": {
        "vanilla": 0.35,
        "expts": 0.325,
        "Tie": 0.325
    },
    "Creativity": {
        "expts": 0.6410256410256411,
        "Tie": 0.2564102564102564,
        "vanilla": 0.10256410256410256
    },
    "Development (Character and Setting)": {
        "Tie": 0.42105263157894735,
        "vanilla": 0.2894736842105263,
        "expts": 0.2894736842105263
    },
    "Language Use": {
        "expts": 0.4864864864864865,
        "vanilla": 0.35135135135135137,
        "Tie": 0.16216216216216217
    }
}