{
    "Rouge": {
        "rouge1": 0.40846647760612387,
        "rouge2": 0.06578665770116042,
        "rougeL": 0.14585160384826007
    },
    "BLEU": {
        "bleu": 0.007699346116610428,
        "backwards_bleu": 0.007804656969879936
    },
    "Bertscore": {
        "precision": 0.8132349610328674,
        "recall": 0.8136314431826274,
        "f1": 0.813423216342926
    },
    "Jaccard distance": {
        "jaccard_distance": 0.8940639207420085
    }
}