{
    "Rouge": {
        "rouge1": 0.4102734352817742,
        "rouge2": 0.09011565129049558,
        "rougeL": 0.14660444021087718
    },
    "BLEU": {
        "bleu": 0.023292314026958437,
        "backwards_bleu": 0.026908152025687082
    },
    "Bertscore": {
        "precision": 0.8249365048749107,
        "recall": 0.8205662582601819,
        "f1": 0.8227358034678868
    },
    "Jaccard distance": {
        "jaccard_distance": 0.8830713762430318
    }
}