{
    "Rouge": {
        "rouge1": 0.43268745873742337,
        "rouge2": 0.07767009480083154,
        "rougeL": 0.14368778132535706
    },
    "BLEU": {
        "bleu": 0.00940445879526033,
        "backwards_bleu": 0.009791133667397858
    },
    "Bertscore": {
        "precision": 0.815396032163075,
        "recall": 0.814244134085519,
        "f1": 0.8148067678724017
    },
    "Jaccard distance": {
        "jaccard_distance": 0.8863329011142749
    }
}