{
    "Rouge": {
        "rouge1": 0.39080653067258825,
        "rouge2": 0.07498852935088436,
        "rougeL": 0.13655131167032894
    },
    "BLEU": {
        "bleu": 0.006001482946904576,
        "backwards_bleu": 0.007652286274594383
    },
    "Bertscore": {
        "precision": 0.8187863102981022,
        "recall": 0.8130357435771397,
        "f1": 0.8158895032746452
    },
    "Jaccard distance": {
        "jaccard_distance": 0.8923317264343354
    }
}