{
    "Plot": {
        "expts": 0.5923182957393485,
        "vanilla": 0.32798872180451133,
        "Tie": 0.07969298245614034
    },
    "Creativity": {
        "expts": 0.6367606516290727,
        "vanilla": 0.288063909774436,
        "Tie": 0.07517543859649121
    },
    "Development (Character and Setting)": {
        "vanilla": 0.49080200501253135,
        "expts": 0.47283834586466156,
        "Tie": 0.03635964912280702
    },
    "Language Use": {
        "expts": 0.5153070175438597,
        "vanilla": 0.3957268170426065,
        "Tie": 0.08896616541353383
    }
}