{
    "Plot": {
        "expts": 0.6842105263157895,
        "vanilla": 0.2631578947368421,
        "Tie": 0.05263157894736842
    },
    "Creativity": {
        "expts": 0.8070175438596491,
        "vanilla": 0.17543859649122806,
        "Tie": 0.017543859649122806
    },
    "Development (Character and Setting)": {
        "vanilla": 0.5087719298245614,
        "expts": 0.43859649122807015,
        "Tie": 0.05263157894736842
    },
    "Language Use": {
        "expts": 0.6140350877192983,
        "vanilla": 0.2631578947368421,
        "Tie": 0.12280701754385964
    }
}