{
    "Plot": {
        "expts": 0.475,
        "vanilla": 0.325,
        "Tie": 0.2
    },
    "Creativity": {
        "expts": 0.4936708860759494,
        "vanilla": 0.34177215189873417,
        "Tie": 0.16455696202531644
    },
    "Development (Character and Setting)": {
        "vanilla": 0.4936708860759494,
        "expts": 0.45569620253164556,
        "Tie": 0.05063291139240506
    },
    "Language Use": {
        "expts": 0.5316455696202531,
        "vanilla": 0.3670886075949367,
        "Tie": 0.10126582278481013
    }
}