{
    "Plot": {
        "expts": 0.5087719298245614,
        "vanilla": 0.2807017543859649,
        "Tie": 0.21052631578947367
    },
    "Creativity": {
        "vanilla": 0.43859649122807015,
        "expts": 0.43859649122807015,
        "Tie": 0.12280701754385964
    },
    "Development (Character and Setting)": {
        "expts": 0.5087719298245614,
        "vanilla": 0.38596491228070173,
        "Tie": 0.10526315789473684
    },
    "Language Use": {
        "expts": 0.5,
        "vanilla": 0.4107142857142857,
        "Tie": 0.08928571428571429
    }
}