{
    "Plot": {
        "expts": 0.4310401002506266,
        "vanilla": 0.3653571428571429,
        "Tie": 0.20360275689223056
    },
    "Creativity": {
        "expts": 0.4743734335839599,
        "vanilla": 0.3674310776942356,
        "Tie": 0.1581954887218045
    },
    "Development (Character and Setting)": {
        "vanilla": 0.5471804511278195,
        "expts": 0.4117669172932331,
        "Tie": 0.04105263157894737
    },
    "Language Use": {
        "expts": 0.43488095238095237,
        "vanilla": 0.4229761904761905,
        "Tie": 0.14214285714285713
    }
}