{
    "Plot": {
        "expts": 0.5087719298245614,
        "vanilla": 0.3333333333333333,
        "Tie": 0.15789473684210525
    },
    "Creativity": {
        "expts": 0.5087719298245614,
        "vanilla": 0.38596491228070173,
        "Tie": 0.10526315789473684
    },
    "Development (Character and Setting)": {
        "vanilla": 0.45614035087719296,
        "expts": 0.43859649122807015,
        "Tie": 0.10526315789473684
    },
    "Language Use": {
        "vanilla": 0.5,
        "expts": 0.35714285714285715,
        "Tie": 0.14285714285714285
    }
}