{
    "Rouge": {
        "rouge1": 0.4291095409969147,
        "rouge2": 0.0799851041726644,
        "rougeL": 0.15106563545987103
    },
    "BLEU": {
        "bleu": 0.009740904326735276,
        "backwards_bleu": 0.010582566483813664
    },
    "Bertscore": {
        "precision": 0.8222802862524986,
        "recall": 0.8192577622830868,
        "f1": 0.8207559451460839
    },
    "Jaccard distance": {
        "jaccard_distance": 0.8809781723408955
    }
}