{
    "author_attribution": {
        "author_attr_cosine_similarity_gt": 0.8842526137828827,
        "author_attr_cosine_similarity_gen": 0.7122124175230662
    }
}