{
    "Rouge": {
        "rouge1": 0.406151992345683,
        "rouge2": 0.06986759365323088,
        "rougeL": 0.14632578124907564
    },
    "BLEU": {
        "bleu": 0.00910711123540383,
        "backwards_bleu": 0.009637958259340058
    },
    "Bertscore": {
        "precision": 0.8137471397717794,
        "recall": 0.8099714597066243,
        "f1": 0.8118367910385131
    },
    "Jaccard distance": {
        "jaccard_distance": 0.8947611750562842
    }
}