{
    "length": {
        "avg_length_gt": 1234.4666666666667,
        "avg_length_gen": 926.6
    },
    "reading_score": {
        "avg_flesch_reading_score_gt": 81.92133333333332,
        "avg_flesch_reading_score_gen": 73.78666666666666
    },
    "luar_score": {
        "avg_luar_cosine_similarity": 0.7271866666666666
    }
}