{
    "Rouge": {
        "rouge1": 0.43341880055488274,
        "rouge2": 0.07578451333203481,
        "rougeL": 0.14697563367468597
    },
    "BLEU": {
        "bleu": 0.012456748220631962,
        "backwards_bleu": 0.012629638263546817
    },
    "Bertscore": {
        "precision": 0.819799929112196,
        "recall": 0.8206407837569714,
        "f1": 0.8202092938125134
    },
    "Jaccard distance": {
        "jaccard_distance": 0.8814768289414279
    }
}