{
    "Plot": {
        "expts": 0.6140350877192983,
        "vanilla": 0.22807017543859648,
        "Tie": 0.15789473684210525
    },
    "Creativity": {
        "expts": 0.5614035087719298,
        "vanilla": 0.3333333333333333,
        "Tie": 0.10526315789473684
    },
    "Development (Character and Setting)": {
        "expts": 0.5964912280701754,
        "vanilla": 0.2807017543859649,
        "Tie": 0.12280701754385964
    },
    "Language Use": {
        "expts": 0.6140350877192983,
        "vanilla": 0.3508771929824561,
        "Tie": 0.03508771929824561
    }
}