{
    "Plot": {
        "expts": 0.45614035087719296,
        "vanilla": 0.3684210526315789,
        "Tie": 0.17543859649122806
    },
    "Creativity": {
        "expts": 0.40350877192982454,
        "vanilla": 0.3508771929824561,
        "Tie": 0.24561403508771928
    },
    "Development (Character and Setting)": {
        "vanilla": 0.43859649122807015,
        "expts": 0.3508771929824561,
        "Tie": 0.21052631578947367
    },
    "Language Use": {
        "vanilla": 0.5263157894736842,
        "expts": 0.3508771929824561,
        "Tie": 0.12280701754385964
    }
}