{
    "Rouge": {
        "rouge1": 0.47394403531773105,
        "rouge2": 0.08969627173119654,
        "rougeL": 0.1526827666023031
    },
    "BLEU": {
        "bleu": 0.01566325246611781,
        "backwards_bleu": 0.015744295933577634
    },
    "Bertscore": {
        "precision": 0.8251592546701432,
        "recall": 0.8235653877258301,
        "f1": 0.8243492774665355
    },
    "Jaccard distance": {
        "jaccard_distance": 0.8675742299548865
    }
}