{
    "Plot": {
        "expts": 0.4014912280701754,
        "Tie": 0.316453634085213,
        "vanilla": 0.28205513784461156
    },
    "Creativity": {
        "vanilla": 0.4045300751879699,
        "Tie": 0.35581453634085214,
        "expts": 0.23965538847117793
    },
    "Development (Character and Setting)": {
        "vanilla": 0.3996428571428572,
        "Tie": 0.3025062656641604,
        "expts": 0.2978508771929825
    },
    "Language Use": {
        "vanilla": 0.4831829573934837,
        "expts": 0.31268796992481207,
        "Tie": 0.20412907268170427
    }
}