{
    "Plot": {
        "Tie": 0.5263157894736842,
        "expts": 0.3157894736842105,
        "vanilla": 0.15789473684210525
    },
    "Creativity": {
        "Tie": 0.43859649122807015,
        "vanilla": 0.2982456140350877,
        "expts": 0.2631578947368421
    },
    "Development (Character and Setting)": {
        "expts": 0.3684210526315789,
        "vanilla": 0.3333333333333333,
        "Tie": 0.2982456140350877
    },
    "Language Use": {
        "vanilla": 0.5087719298245614,
        "expts": 0.2807017543859649,
        "Tie": 0.21052631578947367
    }
}