{
    "Plot": {
        "expts": 0.5263157894736842,
        "vanilla": 0.3157894736842105,
        "Tie": 0.15789473684210525
    },
    "Creativity": {
        "expts": 0.40350877192982454,
        "Tie": 0.3684210526315789,
        "vanilla": 0.22807017543859648
    },
    "Development (Character and Setting)": {
        "expts": 0.43859649122807015,
        "vanilla": 0.3333333333333333,
        "Tie": 0.22807017543859648
    },
    "Language Use": {
        "vanilla": 0.543859649122807,
        "expts": 0.38596491228070173,
        "Tie": 0.07017543859649122
    }
}