{
    "Rouge": {
        "rouge1": 0.3941810404225684,
        "rouge2": 0.0639694999836489,
        "rougeL": 0.14934311998019867
    },
    "BLEU": {
        "bleu": 0.009335170902314975,
        "backwards_bleu": 0.00959374820084297
    },
    "Bertscore": {
        "precision": 0.813825897872448,
        "recall": 0.806668595969677,
        "f1": 0.8102181285619736
    },
    "Jaccard distance": {
        "jaccard_distance": 0.8951671022474983
    }
}