{
    "Plot": {
        "expts": 0.41833333333333333,
        "vanilla": 0.3622619047619048,
        "Tie": 0.21940476190476188
    },
    "Creativity": {
        "vanilla": 0.3618074031231926,
        "Tie": 0.34226190476190477,
        "expts": 0.29593069211490264
    },
    "Development (Character and Setting)": {
        "vanilla": 0.4407354925775978,
        "Tie": 0.33378687102371307,
        "expts": 0.225477636398689
    },
    "Language Use": {
        "vanilla": 0.4776585695006748,
        "expts": 0.387045980335454,
        "Tie": 0.1352954501638712
    }
}