{
    "Rouge": {
        "rouge1": 0.40450476169937755,
        "rouge2": 0.06743558373937207,
        "rougeL": 0.15098405176352866
    },
    "BLEU": {
        "bleu": 0.01101930646581713,
        "backwards_bleu": 0.011103405872215094
    },
    "Bertscore": {
        "precision": 0.8150461167097092,
        "recall": 0.8064958795905113,
        "f1": 0.8107350692152977
    },
    "Jaccard distance": {
        "jaccard_distance": 0.892784482364681
    }
}