{
    "Rouge": {
        "rouge1": 0.43159462807770144,
        "rouge2": 0.0800715532114507,
        "rougeL": 0.15123645979805028
    },
    "BLEU": {
        "bleu": 0.0105382674509124,
        "backwards_bleu": 0.011185709327305924
    },
    "Bertscore": {
        "precision": 0.8223052650690079,
        "recall": 0.8189796023070812,
        "f1": 0.8206299990415573
    },
    "Jaccard distance": {
        "jaccard_distance": 0.879348780155332
    }
}