{
    "Rouge": {
        "rouge1": 0.40140521118415196,
        "rouge2": 0.06706015580048663,
        "rougeL": 0.14525864879718947
    },
    "BLEU": {
        "bleu": 0.012701379700900425,
        "backwards_bleu": 0.013525077222321505
    },
    "Bertscore": {
        "precision": 0.819717033913261,
        "recall": 0.8130370190269068,
        "f1": 0.8163497824417917
    },
    "Jaccard distance": {
        "jaccard_distance": 0.8921306147061556
    }
}