{
    "Plot": {
        "expts": 0.6103070175438596,
        "vanilla": 0.2512092731829574,
        "Tie": 0.13848370927318293
    },
    "Creativity": {
        "expts": 0.5993045112781955,
        "vanilla": 0.2367857142857143,
        "Tie": 0.16390977443609023
    },
    "Development (Character and Setting)": {
        "expts": 0.47322681704260655,
        "vanilla": 0.4688784461152882,
        "Tie": 0.057894736842105256
    },
    "Language Use": {
        "expts": 0.5212593984962406,
        "vanilla": 0.41493734335839594,
        "Tie": 0.0638032581453634
    }
}