{
    "Rouge": {
        "rouge1": 0.40668959055656784,
        "rouge2": 0.06811555300616559,
        "rougeL": 0.14677142489115438
    },
    "BLEU": {
        "bleu": 0.013506052250641172,
        "backwards_bleu": 0.013944786003357487
    },
    "Bertscore": {
        "precision": 0.8200542372569704,
        "recall": 0.813190900442893,
        "f1": 0.8165907023245829
    },
    "Jaccard distance": {
        "jaccard_distance": 0.8876288903291565
    }
}