{
    "Plot": {
        "expts": 0.7333333333333333,
        "vanilla": 0.26666666666666666
    },
    "Creativity": {
        "expts": 0.6666666666666666,
        "vanilla": 0.2,
        "Tie": 0.13333333333333333
    },
    "Development (Character and Setting)": {
        "expts": 0.5333333333333333,
        "vanilla": 0.4666666666666667
    },
    "Language Use": {
        "expts": 0.8,
        "vanilla": 0.13333333333333333,
        "Tie": 0.06666666666666667
    }
}