{
    "Plot": {
        "expts": 0.5789473684210527,
        "vanilla": 0.2807017543859649,
        "Tie": 0.14035087719298245
    },
    "Creativity": {
        "vanilla": 0.43859649122807015,
        "expts": 0.43859649122807015,
        "Tie": 0.12280701754385964
    },
    "Development (Character and Setting)": {
        "expts": 0.48214285714285715,
        "vanilla": 0.39285714285714285,
        "Tie": 0.125
    },
    "Language Use": {
        "vanilla": 0.45614035087719296,
        "expts": 0.38596491228070173,
        "Tie": 0.15789473684210525
    }
}