{
    "Plot": {
        "vanilla": 0.43859649122807015,
        "Tie": 0.38596491228070173,
        "expts": 0.17543859649122806
    },
    "Creativity": {
        "expts": 0.42857142857142855,
        "vanilla": 0.375,
        "Tie": 0.19642857142857142
    },
    "Development (Character and Setting)": {
        "vanilla": 0.5178571428571429,
        "expts": 0.30357142857142855,
        "Tie": 0.17857142857142858
    },
    "Language Use": {
        "vanilla": 0.4107142857142857,
        "expts": 0.375,
        "Tie": 0.21428571428571427
    }
}