{
    "Rouge": {
        "rouge1": 0.3912088132043691,
        "rouge2": 0.055511281148867685,
        "rougeL": 0.13972860961889066
    },
    "BLEU": {
        "bleu": 0.010354981342208053,
        "backwards_bleu": 0.010384178868073237
    },
    "Bertscore": {
        "precision": 0.8201357232312024,
        "recall": 0.8188504296339164,
        "f1": 0.8194804656303535
    },
    "Jaccard distance": {
        "jaccard_distance": 0.8970631690712925
    }
}