{
    "Plot": {
        "expts": 0.6842105263157895,
        "Tie": 0.15789473684210525,
        "vanilla": 0.15789473684210525
    },
    "Creativity": {
        "expts": 0.5789473684210527,
        "vanilla": 0.21052631578947367,
        "Tie": 0.21052631578947367
    },
    "Development (Character and Setting)": {
        "expts": 0.5263157894736842,
        "vanilla": 0.3684210526315789,
        "Tie": 0.10526315789473684
    },
    "Language Use": {
        "expts": 0.631578947368421,
        "vanilla": 0.3157894736842105,
        "Tie": 0.05263157894736842
    }
}