{
    "Plot": {
        "vanilla": 0.44760025062656644,
        "expts": 0.34481829573934836,
        "Tie": 0.2075814536340852
    },
    "Creativity": {
        "vanilla": 0.4561370197646014,
        "expts": 0.31716649217981663,
        "Tie": 0.226696488055582
    },
    "Development (Character and Setting)": {
        "vanilla": 0.5450187969924812,
        "expts": 0.2858395989974937,
        "Tie": 0.16914160401002507
    },
    "Language Use": {
        "vanilla": 0.5648997493734336,
        "expts": 0.3297055137844611,
        "Tie": 0.10539473684210528
    }
}