{
    "Plot": {
        "vanilla": 0.43859649122807015,
        "expts": 0.3508771929824561,
        "Tie": 0.21052631578947367
    },
    "Creativity": {
        "vanilla": 0.43859649122807015,
        "expts": 0.40350877192982454,
        "Tie": 0.15789473684210525
    },
    "Development (Character and Setting)": {
        "vanilla": 0.5614035087719298,
        "expts": 0.2982456140350877,
        "Tie": 0.14035087719298245
    },
    "Language Use": {
        "vanilla": 0.5614035087719298,
        "expts": 0.3157894736842105,
        "Tie": 0.12280701754385964
    }
}