{
    "reference_based_metrics": {
        "Rouge": {
            "rouge1": 0.4235696708518952,
            "rouge2": 0.0693494623915296,
            "rougeL": 0.14359202868710205
        },
        "BLEU": {
            "bleu": 0.014959563662225481,
            "backwards_bleu": 0.015144030565474425
        },
        "Bertscore": {
            "precision": 0.8201517537236214,
            "recall": 0.8162089266947338,
            "f1": 0.8181608425719398
        },
        "Jaccard distance": {
            "jaccard_distance": 0.8827230360434112
        }
    },
    "diversity_metrics": {
        "compression_scores": {
            "compression_ratio_gt": 2.547,
            "compression_ratio_gen": 2.684
        },
        "homogenization_scores_bleu": "None",
        "homogenization_scores_rougel": "None",
        "homogenization_scores_bertscore": "None",
        "ngram_diversity_scores": "None"
    },
    "style_metrics": {
        "length": {
            "avg_length_gt": 945.3035714285714,
            "avg_length_gen": 869.7678571428571
        }
    }
}