{
    "Plot": {
        "vanilla": 0.4902631578947368,
        "Tie": 0.25740601503759397,
        "expts": 0.2523308270676692
    },
    "Creativity": {
        "expts": 0.5208342972816656,
        "vanilla": 0.2849103528050897,
        "Tie": 0.1942553499132446
    },
    "Development (Character and Setting)": {
        "vanilla": 0.4326459283554553,
        "expts": 0.3395509709034026,
        "Tie": 0.22780310074114202
    },
    "Language Use": {
        "expts": 0.5307275887289211,
        "vanilla": 0.32217483496630733,
        "Tie": 0.1470975763047715
    }
}