{
    "Plot": {
        "vanilla": 0.5263157894736842,
        "expts": 0.2807017543859649,
        "Tie": 0.19298245614035087
    },
    "Creativity": {
        "expts": 0.45614035087719296,
        "Tie": 0.2982456140350877,
        "vanilla": 0.24561403508771928
    },
    "Development (Character and Setting)": {
        "expts": 0.45614035087719296,
        "vanilla": 0.40350877192982454,
        "Tie": 0.14035087719298245
    },
    "Language Use": {
        "expts": 0.47368421052631576,
        "vanilla": 0.3684210526315789,
        "Tie": 0.15789473684210525
    }
}