{
    "Plot": {
        "expts": 0.425,
        "Tie": 0.325,
        "vanilla": 0.25
    },
    "Creativity": {
        "expts": 0.5641025641025641,
        "Tie": 0.23076923076923078,
        "vanilla": 0.20512820512820512
    },
    "Development (Character and Setting)": {
        "vanilla": 0.38461538461538464,
        "expts": 0.358974358974359,
        "Tie": 0.2564102564102564
    },
    "Language Use": {
        "expts": 0.4594594594594595,
        "vanilla": 0.3783783783783784,
        "Tie": 0.16216216216216217
    }
}