{
    "Rouge": {
        "rouge1": 0.40136061945689255,
        "rouge2": 0.06578815478039052,
        "rougeL": 0.1506642294572446
    },
    "BLEU": {
        "bleu": 0.010743197754920584,
        "backwards_bleu": 0.011098374116931747
    },
    "Bertscore": {
        "precision": 0.81501275151968,
        "recall": 0.8077789723873139,
        "f1": 0.81136814057827
    },
    "Jaccard distance": {
        "jaccard_distance": 0.8986006195276269
    }
}