{
    "Rouge": {
        "rouge1": 0.42333655512788715,
        "rouge2": 0.0794135795372387,
        "rougeL": 0.1487184677170091
    },
    "BLEU": {
        "bleu": 0.010050291634778257,
        "backwards_bleu": 0.011151726742116338
    },
    "Bertscore": {
        "precision": 0.8228292316198349,
        "recall": 0.8196660280227661,
        "f1": 0.8212350398302078
    },
    "Jaccard distance": {
        "jaccard_distance": 0.8813396874815085
    }
}