{
    "Rouge": {
        "rouge1": 0.4125248179536517,
        "rouge2": 0.06780241633202043,
        "rougeL": 0.1461884570639003
    },
    "BLEU": {
        "bleu": 0.013338340496402215,
        "backwards_bleu": 0.013553718465355843
    },
    "Bertscore": {
        "precision": 0.8180542996055201,
        "recall": 0.8112051079147741,
        "f1": 0.814597415296655
    },
    "Jaccard distance": {
        "jaccard_distance": 0.8893148711522615
    }
}