{
    "length": {
        "avg_length_gt": 944.9473684210526,
        "avg_length_gen": 861.2105263157895
    },
    "reading_score": {
        "avg_flesch_reading_score_gt": 83.50315789473684,
        "avg_flesch_reading_score_gen": 80.99350877192983
    },
    "luar_score": {
        "avg_luar_cosine_similarity": 0.7484
    }
}