{
    "Rouge": {
        "rouge1": 0.38948158430177526,
        "rouge2": 0.06554425961947062,
        "rougeL": 0.1496181135146012
    },
    "BLEU": {
        "bleu": 0.011052995140090551,
        "backwards_bleu": 0.011522806313909398
    },
    "Bertscore": {
        "precision": 0.8134073868393898,
        "recall": 0.8069694370031357,
        "f1": 0.8101636439561843
    },
    "Jaccard distance": {
        "jaccard_distance": 0.9009510922807248
    }
}