{
    "Plot": {
        "expts": 0.43575814536340857,
        "vanilla": 0.3611215538847118,
        "Tie": 0.20312030075187967
    },
    "Creativity": {
        "vanilla": 0.45201754385964915,
        "expts": 0.40305137844611527,
        "Tie": 0.14493107769423558
    },
    "Development (Character and Setting)": {
        "vanilla": 0.5325751879699248,
        "expts": 0.41338972431077686,
        "Tie": 0.05403508771929825
    },
    "Language Use": {
        "expts": 0.48921052631578943,
        "vanilla": 0.39540726817042604,
        "Tie": 0.11538220551378445
    }
}