{
    "Plot": {
        "expts": 0.42105263157894735,
        "vanilla": 0.38596491228070173,
        "Tie": 0.19298245614035087
    },
    "Creativity": {
        "expts": 0.5789473684210527,
        "vanilla": 0.3684210526315789,
        "Tie": 0.05263157894736842
    },
    "Development (Character and Setting)": {
        "vanilla": 0.5789473684210527,
        "expts": 0.3508771929824561,
        "Tie": 0.07017543859649122
    },
    "Language Use": {
        "expts": 0.42105263157894735,
        "vanilla": 0.38596491228070173,
        "Tie": 0.19298245614035087
    }
}