{
    "Rouge": {
        "rouge1": 0.4394615864839706,
        "rouge2": 0.07705957571229796,
        "rougeL": 0.14645279536168984
    },
    "BLEU": {
        "bleu": 0.009702539864533417,
        "backwards_bleu": 0.009808523128043475
    },
    "Bertscore": {
        "precision": 0.816429873307546,
        "recall": 0.8156671047210693,
        "f1": 0.8160334984461467
    },
    "Jaccard distance": {
        "jaccard_distance": 0.8832521172496897
    }
}