{
    "Plot": {
        "vanilla": 0.45707393483709274,
        "expts": 0.38008771929824564,
        "Tie": 0.16283834586466167
    },
    "Creativity": {
        "vanilla": 0.45786340852130325,
        "expts": 0.38555137844611526,
        "Tie": 0.15658521303258144
    },
    "Development (Character and Setting)": {
        "vanilla": 0.6265664160401002,
        "expts": 0.3439160401002506,
        "Tie": 0.02951754385964912
    },
    "Language Use": {
        "vanilla": 0.5355701754385965,
        "expts": 0.3298057644110276,
        "Tie": 0.13462406015037592
    }
}