{
    "Plot": {
        "expts": 0.5087719298245614,
        "vanilla": 0.38596491228070173,
        "Tie": 0.10526315789473684
    },
    "Creativity": {
        "expts": 0.5789473684210527,
        "vanilla": 0.2982456140350877,
        "Tie": 0.12280701754385964
    },
    "Development (Character and Setting)": {
        "vanilla": 0.5614035087719298,
        "expts": 0.40350877192982454,
        "Tie": 0.03508771929824561
    },
    "Language Use": {
        "vanilla": 0.47368421052631576,
        "expts": 0.42105263157894735,
        "Tie": 0.10526315789473684
    }
}