{
    "Rouge": {
        "rouge1": 0.43321910928874285,
        "rouge2": 0.0791387876969919,
        "rougeL": 0.15060269477243948
    },
    "BLEU": {
        "bleu": 0.011839475770527765,
        "backwards_bleu": 0.012459463302792162
    },
    "Bertscore": {
        "precision": 0.8229572452604771,
        "recall": 0.8195383138954639,
        "f1": 0.8212340526282788
    },
    "Jaccard distance": {
        "jaccard_distance": 0.8776601149758922
    }
}