{
    "Rouge": {
        "rouge1": 0.4352596058006913,
        "rouge2": 0.08549396620321248,
        "rougeL": 0.1461354758609518
    },
    "BLEU": {
        "bleu": 0.00889221968348999,
        "backwards_bleu": 0.009869699438911281
    },
    "Bertscore": {
        "precision": 0.820961058139801,
        "recall": 0.8134055393082755,
        "f1": 0.8171532877853939
    },
    "Jaccard distance": {
        "jaccard_distance": 0.8801669703646177
    }
}