{
    "Plot": {
        "expts": 0.6842105263157895,
        "vanilla": 0.17543859649122806,
        "Tie": 0.14035087719298245
    },
    "Creativity": {
        "expts": 0.6666666666666666,
        "vanilla": 0.19298245614035087,
        "Tie": 0.14035087719298245
    },
    "Development (Character and Setting)": {
        "expts": 0.5263157894736842,
        "vanilla": 0.3508771929824561,
        "Tie": 0.12280701754385964
    },
    "Language Use": {
        "expts": 0.7543859649122807,
        "vanilla": 0.15789473684210525,
        "Tie": 0.08771929824561403
    }
}