{
    "author_attribution": {
        "author_attr_cosine_similarity_gt": 0.8864812895103737,
        "author_attr_cosine_similarity_gen": 0.7229350970851051
    }
}