{
    "Rouge": {
        "rouge1": 0.4609471127805992,
        "rouge2": 0.08694704812702662,
        "rougeL": 0.14312817293589356
    },
    "BLEU": {
        "bleu": 0.011477084614325698,
        "backwards_bleu": 0.011846886195842754
    },
    "Bertscore": {
        "precision": 0.8203178431306567,
        "recall": 0.8153216285364968,
        "f1": 0.8178037064416068
    },
    "Jaccard distance": {
        "jaccard_distance": 0.8732311959355827
    }
}