{
    "Rouge": {
        "rouge1": 0.43555082021299196,
        "rouge2": 0.07753585531482983,
        "rougeL": 0.1451469470420026
    },
    "BLEU": {
        "bleu": 0.010869822129467384,
        "backwards_bleu": 0.011037840160355467
    },
    "Bertscore": {
        "precision": 0.8175991092409406,
        "recall": 0.8158585258892604,
        "f1": 0.8167125497545514
    },
    "Jaccard distance": {
        "jaccard_distance": 0.883702493291434
    }
}