{
    "Plot": {
        "expts": 0.631578947368421,
        "vanilla": 0.19298245614035087,
        "Tie": 0.17543859649122806
    },
    "Creativity": {
        "expts": 0.49122807017543857,
        "vanilla": 0.42105263157894735,
        "Tie": 0.08771929824561403
    },
    "Development (Character and Setting)": {
        "vanilla": 0.45614035087719296,
        "expts": 0.42105263157894735,
        "Tie": 0.12280701754385964
    },
    "Language Use": {
        "expts": 0.47368421052631576,
        "vanilla": 0.3333333333333333,
        "Tie": 0.19298245614035087
    }
}