{
    "Plot": {
        "expts": 0.525,
        "Tie": 0.25,
        "vanilla": 0.225
    },
    "Creativity": {
        "expts": 0.46153846153846156,
        "vanilla": 0.4358974358974359,
        "Tie": 0.10256410256410256
    },
    "Development (Character and Setting)": {
        "expts": 0.46153846153846156,
        "vanilla": 0.4358974358974359,
        "Tie": 0.10256410256410256
    },
    "Language Use": {
        "vanilla": 0.6153846153846154,
        "expts": 0.28205128205128205,
        "Tie": 0.10256410256410256
    }
}