{
    "Rouge": {
        "rouge1": 0.39108144735091394,
        "rouge2": 0.055531412915567215,
        "rougeL": 0.1396888798720346
    },
    "BLEU": {
        "bleu": 0.010429067709608922,
        "backwards_bleu": 0.010460310651609527
    },
    "Bertscore": {
        "precision": 0.8193987297304606,
        "recall": 0.8182163700713949,
        "f1": 0.8187950094372539
    },
    "Jaccard distance": {
        "jaccard_distance": 0.8962718221894986
    }
}