{
    "Rouge": {
        "rouge1": 0.40696630515271504,
        "rouge2": 0.06976891415882316,
        "rougeL": 0.1454473097642269
    },
    "BLEU": {
        "bleu": 0.006807273022648081,
        "backwards_bleu": 0.007545565267341026
    },
    "Bertscore": {
        "precision": 0.8158175826072693,
        "recall": 0.8122863411903382,
        "f1": 0.814037557442983
    },
    "Jaccard distance": {
        "jaccard_distance": 0.8952293162475778
    }
}