{
    "Rouge": {
        "rouge1": 0.41766995939618706,
        "rouge2": 0.06874680712243182,
        "rougeL": 0.1440201846599689
    },
    "BLEU": {
        "bleu": 0.017008950141280163,
        "backwards_bleu": 0.016984160216493967
    },
    "Bertscore": {
        "precision": 0.8227868718013429,
        "recall": 0.8171082065816511,
        "f1": 0.8199211630904883
    },
    "Jaccard distance": {
        "jaccard_distance": 0.8900191780824037
    }
}