{
    "Rouge": {
        "rouge1": 0.4245890048556145,
        "rouge2": 0.07787386301627212,
        "rougeL": 0.14900279792753943
    },
    "BLEU": {
        "bleu": 0.010114924302394275,
        "backwards_bleu": 0.011075369800429984
    },
    "Bertscore": {
        "precision": 0.8222856387495995,
        "recall": 0.8195018254220485,
        "f1": 0.8208816841244697
    },
    "Jaccard distance": {
        "jaccard_distance": 0.8792201932817211
    }
}