{
    "Rouge": {
        "rouge1": 0.45113642836833107,
        "rouge2": 0.0933972947139868,
        "rougeL": 0.15159645281229533
    },
    "BLEU": {
        "bleu": 0.02511518411217294,
        "backwards_bleu": 0.02705495765314219
    },
    "Bertscore": {
        "precision": 0.82541076200349,
        "recall": 0.8254177144595555,
        "f1": 0.8254023279462542
    },
    "Jaccard distance": {
        "jaccard_distance": 0.8770744343556822
    }
}