{
    "Plot": {
        "expts": 0.7008521303258146,
        "vanilla": 0.23499373433583962,
        "Tie": 0.06415413533834587
    },
    "Creativity": {
        "expts": 0.8157832080200501,
        "vanilla": 0.13993107769423557,
        "Tie": 0.04428571428571428
    },
    "Development (Character and Setting)": {
        "expts": 0.5310651629072682,
        "vanilla": 0.44941729323308266,
        "Tie": 0.01951754385964912
    },
    "Language Use": {
        "expts": 0.7199749373433584,
        "vanilla": 0.2557393483709273,
        "Tie": 0.024285714285714282
    }
}