{
    "Plot": {
        "expts": 0.8947368421052632,
        "Tie": 0.07017543859649122,
        "vanilla": 0.03508771929824561
    },
    "Creativity": {
        "expts": 0.9473684210526315,
        "vanilla": 0.05263157894736842
    },
    "Development (Character and Setting)": {
        "expts": 0.7017543859649122,
        "vanilla": 0.2631578947368421,
        "Tie": 0.03508771929824561
    },
    "Language Use": {
        "expts": 0.8070175438596491,
        "vanilla": 0.19298245614035087
    }
}