{
    "Plot": {
        "expts": 0.5384615384615384,
        "vanilla": 0.4358974358974359,
        "Tie": 0.02564102564102564
    },
    "Creativity": {
        "expts": 0.6075949367088608,
        "vanilla": 0.35443037974683544,
        "Tie": 0.0379746835443038
    },
    "Development (Character and Setting)": {
        "expts": 0.6,
        "vanilla": 0.3875,
        "Tie": 0.0125
    },
    "Language Use": {
        "expts": 0.6538461538461539,
        "vanilla": 0.34615384615384615
    }
}