{
    "Plot": {
        "vanilla": 0.7692307692307693,
        "expts": 0.23076923076923078
    },
    "Creativity": {
        "expts": 0.5714285714285714,
        "vanilla": 0.42857142857142855
    },
    "Development (Character and Setting)": {
        "vanilla": 0.7142857142857143,
        "expts": 0.2857142857142857
    },
    "Language Use": {
        "expts": 0.7142857142857143,
        "vanilla": 0.21428571428571427,
        "Tie": 0.07142857142857142
    }
}