{
    "Plot": {
        "expts": 0.5555555555555556,
        "vanilla": 0.3333333333333333,
        "Tie": 0.1111111111111111
    },
    "Creativity": {
        "expts": 0.5555555555555556,
        "Tie": 0.3333333333333333,
        "vanilla": 0.1111111111111111
    },
    "Development (Character and Setting)": {
        "expts": 0.6666666666666666,
        "vanilla": 0.3333333333333333
    },
    "Language Use": {
        "expts": 0.5555555555555556,
        "vanilla": 0.4444444444444444
    }
}