{
    "Plot": {
        "expts": 0.5,
        "vanilla": 0.4353448275862069,
        "Tie": 0.06465517241379311
    },
    "Creativity": {
        "expts": 0.538135593220339,
        "vanilla": 0.3940677966101695,
        "Tie": 0.06779661016949153
    },
    "Development (Character and Setting)": {
        "vanilla": 0.5579399141630901,
        "expts": 0.4291845493562232,
        "Tie": 0.012875536480686695
    },
    "Language Use": {
        "vanilla": 0.521551724137931,
        "expts": 0.4482758620689655,
        "Tie": 0.03017241379310345
    }
}