{
    "Plot": {
        "expts": 0.49044585987261147,
        "vanilla": 0.445859872611465,
        "Tie": 0.06369426751592357
    },
    "Creativity": {
        "expts": 0.5569620253164557,
        "vanilla": 0.3860759493670886,
        "Tie": 0.056962025316455694
    },
    "Development (Character and Setting)": {
        "vanilla": 0.5225806451612903,
        "expts": 0.45806451612903226,
        "Tie": 0.01935483870967742
    },
    "Language Use": {
        "vanilla": 0.5225806451612903,
        "expts": 0.43870967741935485,
        "Tie": 0.03870967741935484
    }
}