{
    "Plot": {
        "expts": 0.5997681704260651,
        "vanilla": 0.22145363408521304,
        "Tie": 0.1787781954887218
    },
    "Creativity": {
        "expts": 0.4387675920570658,
        "vanilla": 0.4013900134952767,
        "Tie": 0.1598423944476576
    },
    "Development (Character and Setting)": {
        "vanilla": 0.4891218430692115,
        "expts": 0.4458039329091961,
        "Tie": 0.06507422402159245
    },
    "Language Use": {
        "expts": 0.4938851937536148,
        "vanilla": 0.3851007326007326,
        "Tie": 0.1210140736456526
    }
}