{
    "Rouge": {
        "rouge1": 0.4080590762513426,
        "rouge2": 0.06825670027516642,
        "rougeL": 0.1467307733005328
    },
    "BLEU": {
        "bleu": 0.01311357983416487,
        "backwards_bleu": 0.013879108699882832
    },
    "Bertscore": {
        "precision": 0.8214103851402015,
        "recall": 0.8138497628663716,
        "f1": 0.8175975126132631
    },
    "Jaccard distance": {
        "jaccard_distance": 0.8887969747538693
    }
}