{
    "Rouge": {
        "rouge1": 0.38757253529710656,
        "rouge2": 0.06342241494531453,
        "rougeL": 0.14984488832012852
    },
    "BLEU": {
        "bleu": 0.00876099874055778,
        "backwards_bleu": 0.009192486758512669
    },
    "Bertscore": {
        "precision": 0.813196025788784,
        "recall": 0.8068705126643181,
        "f1": 0.8100057721138001
    },
    "Jaccard distance": {
        "jaccard_distance": 0.900614562616842
    }
}