{
    "Plot": {
        "vanilla": 0.47928571428571426,
        "expts": 0.2797055137844612,
        "Tie": 0.24100877192982456
    },
    "Creativity": {
        "vanilla": 0.3723370927318296,
        "expts": 0.3482518796992481,
        "Tie": 0.27941102756892233
    },
    "Development (Character and Setting)": {
        "vanilla": 0.5078258145363408,
        "expts": 0.3157706766917293,
        "Tie": 0.17640350877192984
    },
    "Language Use": {
        "vanilla": 0.4928571428571429,
        "expts": 0.3697619047619048,
        "Tie": 0.13738095238095238
    }
}