{
    "Plot": {
        "Tie": 0.3508771929824561,
        "vanilla": 0.3333333333333333,
        "expts": 0.3157894736842105
    },
    "Creativity": {
        "expts": 0.45614035087719296,
        "Tie": 0.2982456140350877,
        "vanilla": 0.24561403508771928
    },
    "Development (Character and Setting)": {
        "vanilla": 0.5087719298245614,
        "expts": 0.3508771929824561,
        "Tie": 0.14035087719298245
    },
    "Language Use": {
        "vanilla": 0.5178571428571429,
        "expts": 0.375,
        "Tie": 0.10714285714285714
    }
}