{
    "Rouge": {
        "rouge1": 0.426585271456219,
        "rouge2": 0.08038654785717081,
        "rougeL": 0.14522287135212353
    },
    "BLEU": {
        "bleu": 0.010270000420491034,
        "backwards_bleu": 0.011189150203554576
    },
    "Bertscore": {
        "precision": 0.8204590082168579,
        "recall": 0.8130788845675332,
        "f1": 0.8167407980987004
    },
    "Jaccard distance": {
        "jaccard_distance": 0.8807367326317869
    }
}