{
    "Rouge": {
        "rouge1": 0.4421473662101392,
        "rouge2": 0.081677944660463,
        "rougeL": 0.15192853303229414
    },
    "BLEU": {
        "bleu": 0.010090797848359114,
        "backwards_bleu": 0.010848625484217965
    },
    "Bertscore": {
        "precision": 0.8228657059371471,
        "recall": 0.8193415224552154,
        "f1": 0.8210876077413559
    },
    "Jaccard distance": {
        "jaccard_distance": 0.8755249153105723
    }
}