{
    "Plot": {
        "vanilla": 0.49122807017543857,
        "expts": 0.3333333333333333,
        "Tie": 0.17543859649122806
    },
    "Creativity": {
        "expts": 0.8070175438596491,
        "Tie": 0.10526315789473684,
        "vanilla": 0.08771929824561403
    },
    "Development (Character and Setting)": {
        "expts": 0.5263157894736842,
        "vanilla": 0.3157894736842105,
        "Tie": 0.15789473684210525
    },
    "Language Use": {
        "expts": 0.5087719298245614,
        "vanilla": 0.47368421052631576,
        "Tie": 0.017543859649122806
    }
}