{
    "Rouge": {
        "rouge1": 0.4331789911198645,
        "rouge2": 0.07635863192960368,
        "rougeL": 0.1467697430312924
    },
    "BLEU": {
        "bleu": 0.012006085759307842,
        "backwards_bleu": 0.01219119815919815
    },
    "Bertscore": {
        "precision": 0.8220331057906151,
        "recall": 0.8220621652901172,
        "f1": 0.8220351301133633
    },
    "Jaccard distance": {
        "jaccard_distance": 0.8806218782318845
    }
}