{
    "Rouge": {
        "rouge1": 0.40599735120817587,
        "rouge2": 0.06684279153317765,
        "rougeL": 0.14592768604193965
    },
    "BLEU": {
        "bleu": 0.01207684696021056,
        "backwards_bleu": 0.012805950210662446
    },
    "Bertscore": {
        "precision": 0.8199310825582136,
        "recall": 0.8127164108711377,
        "f1": 0.8162916490906164
    },
    "Jaccard distance": {
        "jaccard_distance": 0.8899952025969824
    }
}