{
    "Rouge": {
        "rouge1": 0.4254579861100153,
        "rouge2": 0.07780701693053114,
        "rougeL": 0.14783123166163908
    },
    "BLEU": {
        "bleu": 0.010900261286853376,
        "backwards_bleu": 0.01160997029110473
    },
    "Bertscore": {
        "precision": 0.8208340875804424,
        "recall": 0.8191776536405087,
        "f1": 0.819994916766882
    },
    "Jaccard distance": {
        "jaccard_distance": 0.8812160947896167
    }
}