{
    "Rouge": {
        "rouge1": 0.4037201047562834,
        "rouge2": 0.06406970246338592,
        "rougeL": 0.1515473206641377
    },
    "BLEU": {
        "bleu": 0.011024240515145351,
        "backwards_bleu": 0.011029562156084104
    },
    "Bertscore": {
        "precision": 0.8117264226078987,
        "recall": 0.8086126789450645,
        "f1": 0.8101540565490722
    },
    "Jaccard distance": {
        "jaccard_distance": 0.9002658835410784
    }
}