{
    "Rouge": {
        "rouge1": 0.41551344121600053,
        "rouge2": 0.0697283888858665,
        "rougeL": 0.1478397010369704
    },
    "BLEU": {
        "bleu": 0.00938803252684576,
        "backwards_bleu": 0.009653059233663568
    },
    "Bertscore": {
        "precision": 0.8170332034428914,
        "recall": 0.8107629895210267,
        "f1": 0.8138739466667175
    },
    "Jaccard distance": {
        "jaccard_distance": 0.8912959825370812
    }
}