{
    "Rouge": {
        "rouge1": 0.3833793428657416,
        "rouge2": 0.0725636757482973,
        "rougeL": 0.1355103522469629
    },
    "BLEU": {
        "bleu": 0.005601497686771687,
        "backwards_bleu": 0.007741604029614902
    },
    "Bertscore": {
        "precision": 0.8174832889011928,
        "recall": 0.8123563570635659,
        "f1": 0.8148946293762752
    },
    "Jaccard distance": {
        "jaccard_distance": 0.8938888960145425
    }
}