{
    "Rouge": {
        "rouge1": 0.4391948518075291,
        "rouge2": 0.08010821334798741,
        "rougeL": 0.14350020685773798
    },
    "BLEU": {
        "bleu": 0.010382635690717252,
        "backwards_bleu": 0.01109158268736692
    },
    "Bertscore": {
        "precision": 0.8156281794820514,
        "recall": 0.8146666799272809,
        "f1": 0.8151353512491498
    },
    "Jaccard distance": {
        "jaccard_distance": 0.8808617451049702
    }
}