{
    "Rouge": {
        "rouge1": 0.39738170027023306,
        "rouge2": 0.06333504894386871,
        "rougeL": 0.15068387436654318
    },
    "BLEU": {
        "bleu": 0.01024738098902782,
        "backwards_bleu": 0.010249520999156254
    },
    "Bertscore": {
        "precision": 0.8122461766004563,
        "recall": 0.8078425735235214,
        "f1": 0.8100270718336106
    },
    "Jaccard distance": {
        "jaccard_distance": 0.9000935807694109
    }
}