{
    "Plot": {
        "vanilla": 0.5194805194805194,
        "expts": 0.45454545454545453,
        "Tie": 0.025974025974025976
    },
    "Creativity": {
        "vanilla": 0.5125,
        "expts": 0.45,
        "Tie": 0.0375
    },
    "Development (Character and Setting)": {
        "expts": 0.6666666666666666,
        "vanilla": 0.3076923076923077,
        "Tie": 0.02564102564102564
    },
    "Language Use": {
        "expts": 0.5569620253164557,
        "vanilla": 0.4430379746835443
    }
}