{
    "Plot": {
        "vanilla": 0.8666666666666667,
        "expts": 0.13333333333333333
    },
    "Creativity": {
        "expts": 0.6,
        "vanilla": 0.4
    },
    "Development (Character and Setting)": {
        "vanilla": 0.6666666666666666,
        "expts": 0.3333333333333333
    },
    "Language Use": {
        "expts": 0.6,
        "vanilla": 0.4
    }
}