{
    "Plot": {
        "vanilla": 0.5,
        "expts": 0.42735042735042733,
        "Tie": 0.07264957264957266
    },
    "Creativity": {
        "expts": 0.6340425531914894,
        "vanilla": 0.32340425531914896,
        "Tie": 0.0425531914893617
    },
    "Development (Character and Setting)": {
        "expts": 0.5,
        "vanilla": 0.49572649572649574,
        "Tie": 0.004273504273504274
    },
    "Language Use": {
        "vanilla": 0.5321888412017167,
        "expts": 0.44635193133047213,
        "Tie": 0.02145922746781116
    }
}