{
    "Plot": {
        "vanilla": 0.5286624203821656,
        "expts": 0.40764331210191085,
        "Tie": 0.06369426751592357
    },
    "Creativity": {
        "expts": 0.620253164556962,
        "vanilla": 0.33544303797468356,
        "Tie": 0.04430379746835443
    },
    "Development (Character and Setting)": {
        "vanilla": 0.5192307692307693,
        "expts": 0.47435897435897434,
        "Tie": 0.00641025641025641
    },
    "Language Use": {
        "vanilla": 0.5384615384615384,
        "expts": 0.4423076923076923,
        "Tie": 0.019230769230769232
    }
}