{
    "Rouge": {
        "rouge1": 0.42774531098831137,
        "rouge2": 0.07914216920594071,
        "rougeL": 0.14829170840319472
    },
    "BLEU": {
        "bleu": 0.01298059658498951,
        "backwards_bleu": 0.01359688038225655
    },
    "Bertscore": {
        "precision": 0.8197876652081807,
        "recall": 0.8127987305323283,
        "f1": 0.81626482407252
    },
    "Jaccard distance": {
        "jaccard_distance": 0.8832763999812011
    }
}