{
    "Rouge": {
        "rouge1": 0.39009443654269954,
        "rouge2": 0.06403268487547467,
        "rougeL": 0.15170039761405632
    },
    "BLEU": {
        "bleu": 0.010610775176722945,
        "backwards_bleu": 0.010875842550457203
    },
    "Bertscore": {
        "precision": 0.8110250324010849,
        "recall": 0.8068053275346756,
        "f1": 0.808892460167408
    },
    "Jaccard distance": {
        "jaccard_distance": 0.901733948377173
    }
}