{
    "Rouge": {
        "rouge1": 0.39239146592718194,
        "rouge2": 0.07419788074249391,
        "rougeL": 0.1376075742243971
    },
    "BLEU": {
        "bleu": 0.00527987913191961,
        "backwards_bleu": 0.007203334890947643
    },
    "Bertscore": {
        "precision": 0.820349361215319,
        "recall": 0.8137649084840503,
        "f1": 0.8170358240604401
    },
    "Jaccard distance": {
        "jaccard_distance": 0.8960840613588853
    }
}