{
    "Rouge": {
        "rouge1": 0.44946647371941756,
        "rouge2": 0.09336760976393095,
        "rougeL": 0.1517268128069411
    },
    "BLEU": {
        "bleu": 0.01808106056237006,
        "backwards_bleu": 0.01918528970747654
    },
    "Bertscore": {
        "precision": 0.8248888296740395,
        "recall": 0.8170849851199559,
        "f1": 0.8209576691899981
    },
    "Jaccard distance": {
        "jaccard_distance": 0.878891431693427
    }
}