{
    "Plot": {
        "expts": 0.47015664160401,
        "vanilla": 0.3793984962406015,
        "Tie": 0.1504448621553885
    },
    "Creativity": {
        "vanilla": 0.4945802005012531,
        "expts": 0.427218045112782,
        "Tie": 0.07820175438596491
    },
    "Development (Character and Setting)": {
        "vanilla": 0.5273370927318296,
        "expts": 0.4336278195488722,
        "Tie": 0.03903508771929824
    },
    "Language Use": {
        "expts": 0.5129511278195489,
        "vanilla": 0.3867669172932331,
        "Tie": 0.10028195488721806
    }
}