{
    "Rouge": {
        "rouge1": 0.39484969988030233,
        "rouge2": 0.05612354515623381,
        "rougeL": 0.1408782832106699
    },
    "BLEU": {
        "bleu": 0.010502524182959341,
        "backwards_bleu": 0.010534147058521135
    },
    "Bertscore": {
        "precision": 0.8204194448762021,
        "recall": 0.8188960398152724,
        "f1": 0.8196441894870693
    },
    "Jaccard distance": {
        "jaccard_distance": 0.8957652042619468
    }
}