{
    "author_attribution": {
        "author_attr_cosine_similarity_gt": 0.9148590098409092,
        "author_attr_cosine_similarity_gen": 0.7717321612086949
    }
}