{
    "Rouge": {
        "rouge1": 0.4645764375052853,
        "rouge2": 0.08392115159036637,
        "rougeL": 0.14809482880442998
    },
    "BLEU": {
        "bleu": 0.013317827212875711,
        "backwards_bleu": 0.013452358204616174
    },
    "Bertscore": {
        "precision": 0.8233514241874218,
        "recall": 0.8221962280571461,
        "f1": 0.8227625727653504
    },
    "Jaccard distance": {
        "jaccard_distance": 0.8718748216613598
    }
}