{
    "Rouge": {
        "rouge1": 0.4108461208838404,
        "rouge2": 0.06910089045535195,
        "rougeL": 0.14708598772253573
    },
    "BLEU": {
        "bleu": 0.013895017898390422,
        "backwards_bleu": 0.01432487711622981
    },
    "Bertscore": {
        "precision": 0.8209540017864161,
        "recall": 0.8130660255750021,
        "f1": 0.8169729605055692
    },
    "Jaccard distance": {
        "jaccard_distance": 0.8874653322830609
    }
}