{
    "Rouge": {
        "rouge1": 0.39453044515962865,
        "rouge2": 0.06498803097453056,
        "rougeL": 0.15184243382930074
    },
    "BLEU": {
        "bleu": 0.011012185866847293,
        "backwards_bleu": 0.011047335036063704
    },
    "Bertscore": {
        "precision": 0.8126204654574394,
        "recall": 0.8076556488871575,
        "f1": 0.8101165816187859
    },
    "Jaccard distance": {
        "jaccard_distance": 0.896791563610601
    }
}