{
    "Rouge": {
        "rouge1": 0.39743610402726093,
        "rouge2": 0.07628090128038294,
        "rougeL": 0.1379511698309665
    },
    "BLEU": {
        "bleu": 0.005625209981165484,
        "backwards_bleu": 0.006846197733134489
    },
    "Bertscore": {
        "precision": 0.8164548320429665,
        "recall": 0.8119611782687051,
        "f1": 0.814186304807663
    },
    "Jaccard distance": {
        "jaccard_distance": 0.8905538326157154
    }
}