{
    "Rouge": {
        "rouge1": 0.3960328079553671,
        "rouge2": 0.05800046191253159,
        "rougeL": 0.1412708491589109
    },
    "BLEU": {
        "bleu": 0.011556471242151943,
        "backwards_bleu": 0.011583413350090862
    },
    "Bertscore": {
        "precision": 0.8188325680368315,
        "recall": 0.8179432606794,
        "f1": 0.8183751983371207
    },
    "Jaccard distance": {
        "jaccard_distance": 0.8944840702600652
    }
}