{
    "length": {
        "avg_length_gt": 944.9473684210526,
        "avg_length_gen": 890.6842105263158
    },
    "reading_score": {
        "avg_flesch_reading_score_gt": 83.50315789473684,
        "avg_flesch_reading_score_gen": 81.65859649122807
    },
    "luar_score": {
        "avg_luar_cosine_similarity": 0.7331859649122807
    }
}