{
    "length": {
        "avg_length_gt": 741.2560975609756,
        "avg_length_gen": 709.2723577235772
    },
    "reading_score": {
        "avg_flesch_reading_score_gt": 83.50414634146341,
        "avg_flesch_reading_score_gen": 77.41926829268293
    },
    "luar_score": {
        "avg_luar_cosine_similarity": 0.7387418699186992
    }
}