{
    "Rouge": {
        "rouge1": 0.38926712168232014,
        "rouge2": 0.05469710966079978,
        "rougeL": 0.1393693417011942
    },
    "BLEU": {
        "bleu": 0.010258737154676427,
        "backwards_bleu": 0.010283618635766283
    },
    "Bertscore": {
        "precision": 0.8194624763929238,
        "recall": 0.8188064515085544,
        "f1": 0.8191226460671021
    },
    "Jaccard distance": {
        "jaccard_distance": 0.8974614595897769
    }
}