{
    "Rouge": {
        "rouge1": 0.40011718412105923,
        "rouge2": 0.062170661260452495,
        "rougeL": 0.14366915938535468
    },
    "BLEU": {
        "bleu": 0.01316026561188776,
        "backwards_bleu": 0.013183033194914439
    },
    "Bertscore": {
        "precision": 0.8168458102042215,
        "recall": 0.8151151234643501,
        "f1": 0.8159670442865606
    },
    "Jaccard distance": {
        "jaccard_distance": 0.8973231108667088
    }
}