{
    "Plot": {
        "expts": 0.74437343358396,
        "vanilla": 0.231109022556391,
        "Tie": 0.024517543859649122
    },
    "Creativity": {
        "expts": 0.707857142857143,
        "vanilla": 0.2689285714285714,
        "Tie": 0.02321428571428571
    },
    "Development (Character and Setting)": {
        "expts": 0.6045238095238095,
        "vanilla": 0.3357142857142857,
        "Tie": 0.05976190476190477
    },
    "Language Use": {
        "expts": 0.645357142857143,
        "vanilla": 0.32071428571428573,
        "Tie": 0.03392857142857143
    }
}