{
    "Rouge": {
        "rouge1": 0.42032587610541816,
        "rouge2": 0.0682516803627657,
        "rougeL": 0.14481144848476457
    },
    "BLEU": {
        "bleu": 0.015242370186568172,
        "backwards_bleu": 0.01525362781498265
    },
    "Bertscore": {
        "precision": 0.8215842968539188,
        "recall": 0.8162070753281576,
        "f1": 0.8188712910601967
    },
    "Jaccard distance": {
        "jaccard_distance": 0.8880728860207705
    }
}