{
    "Rouge": {
        "rouge1": 0.3935636273772687,
        "rouge2": 0.06388728103141886,
        "rougeL": 0.14883155475508375
    },
    "BLEU": {
        "bleu": 0.012884825547128869,
        "backwards_bleu": 0.012907970692098697
    },
    "Bertscore": {
        "precision": 0.8110482707619667,
        "recall": 0.8072349220514298,
        "f1": 0.809122434258461
    },
    "Jaccard distance": {
        "jaccard_distance": 0.9012329579875266
    }
}