{
    "Plot": {
        "expts": 0.42105263157894735,
        "vanilla": 0.3157894736842105,
        "Tie": 0.2631578947368421
    },
    "Creativity": {
        "expts": 0.43859649122807015,
        "vanilla": 0.38596491228070173,
        "Tie": 0.17543859649122806
    },
    "Development (Character and Setting)": {
        "expts": 0.42105263157894735,
        "vanilla": 0.38596491228070173,
        "Tie": 0.19298245614035087
    },
    "Language Use": {
        "vanilla": 0.42105263157894735,
        "expts": 0.3684210526315789,
        "Tie": 0.21052631578947367
    }
}