{
    "Rouge": {
        "rouge1": 0.4183552512464359,
        "rouge2": 0.07096344809614735,
        "rougeL": 0.14648991483811633
    },
    "BLEU": {
        "bleu": 0.008593614671739757,
        "backwards_bleu": 0.008782595934360982
    },
    "Bertscore": {
        "precision": 0.8150444110234578,
        "recall": 0.8137832244237264,
        "f1": 0.8144020756085714
    },
    "Jaccard distance": {
        "jaccard_distance": 0.8956432383582451
    }
}