{
    "Rouge": {
        "rouge1": 0.41884431232764774,
        "rouge2": 0.0757148935349149,
        "rougeL": 0.14409284367477546
    },
    "BLEU": {
        "bleu": 0.007898084194085579,
        "backwards_bleu": 0.009061539540668736
    },
    "Bertscore": {
        "precision": 0.8195912965706417,
        "recall": 0.812950862305505,
        "f1": 0.8162449683461871
    },
    "Jaccard distance": {
        "jaccard_distance": 0.8873784074933359
    }
}