{
    "Plot": {
        "vanilla": 0.5013408521303259,
        "expts": 0.31666666666666665,
        "Tie": 0.1819924812030075
    },
    "Creativity": {
        "expts": 0.5212844611528822,
        "vanilla": 0.3181390977443609,
        "Tie": 0.16057644110275687
    },
    "Development (Character and Setting)": {
        "vanilla": 0.38767254675149415,
        "expts": 0.3725159051474841,
        "Tie": 0.23981154810102176
    },
    "Language Use": {
        "expts": 0.47488625409678037,
        "vanilla": 0.37009398496240603,
        "Tie": 0.15501976094081357
    }
}