{
    "Plot": {
        "expts": 0.5,
        "vanilla": 0.26785714285714285,
        "Tie": 0.23214285714285715
    },
    "Creativity": {
        "expts": 0.40350877192982454,
        "Tie": 0.3333333333333333,
        "vanilla": 0.2631578947368421
    },
    "Development (Character and Setting)": {
        "vanilla": 0.3684210526315789,
        "expts": 0.3508771929824561,
        "Tie": 0.2807017543859649
    },
    "Language Use": {
        "expts": 0.49122807017543857,
        "vanilla": 0.3684210526315789,
        "Tie": 0.14035087719298245
    }
}