{
    "Plot": {
        "vanilla": 0.35,
        "Tie": 0.325,
        "expts": 0.325
    },
    "Creativity": {
        "vanilla": 0.358974358974359,
        "Tie": 0.3333333333333333,
        "expts": 0.3076923076923077
    },
    "Development (Character and Setting)": {
        "vanilla": 0.41025641025641024,
        "Tie": 0.41025641025641024,
        "expts": 0.1794871794871795
    },
    "Language Use": {
        "vanilla": 0.46153846153846156,
        "expts": 0.3076923076923077,
        "Tie": 0.23076923076923078
    }
}