{
    "Rouge": {
        "rouge1": 0.401980646936801,
        "rouge2": 0.06565788727882366,
        "rougeL": 0.15431927582398525
    },
    "BLEU": {
        "bleu": 0.011084860411659441,
        "backwards_bleu": 0.01138838881282388
    },
    "Bertscore": {
        "precision": 0.8153871819376945,
        "recall": 0.8083192333579063,
        "f1": 0.8118281170725823
    },
    "Jaccard distance": {
        "jaccard_distance": 0.895205518472124
    }
}