{
    "Plot": {
        "expts": 0.42490601503759395,
        "vanilla": 0.38875313283208024,
        "Tie": 0.1863408521303258
    },
    "Creativity": {
        "expts": 0.40058270676691726,
        "Tie": 0.3143984962406015,
        "vanilla": 0.28501879699248117
    },
    "Development (Character and Setting)": {
        "expts": 0.3685526315789473,
        "vanilla": 0.34285714285714286,
        "Tie": 0.2885902255639098
    },
    "Language Use": {
        "vanilla": 0.4878195488721805,
        "expts": 0.4130263157894737,
        "Tie": 0.09915413533834586
    }
}