{
    "Plot": {
        "vanilla": 0.5225877192982457,
        "expts": 0.32183583959899753,
        "Tie": 0.15557644110275687
    },
    "Creativity": {
        "vanilla": 0.4998558897243107,
        "expts": 0.33576441102756893,
        "Tie": 0.1643796992481203
    },
    "Development (Character and Setting)": {
        "vanilla": 0.6025187969924812,
        "expts": 0.3416604010025063,
        "Tie": 0.055820802005012535
    },
    "Language Use": {
        "vanilla": 0.4980576441102757,
        "expts": 0.3777318295739348,
        "Tie": 0.12421052631578947
    }
}