{
    "Rouge": {
        "rouge1": 0.449368461565317,
        "rouge2": 0.09019210324045068,
        "rougeL": 0.15302685878314254
    },
    "BLEU": {
        "bleu": 0.02179976777880214,
        "backwards_bleu": 0.021795811044664097
    },
    "Bertscore": {
        "precision": 0.8227089564005534,
        "recall": 0.8230322043100993,
        "f1": 0.8228612899780273
    },
    "Jaccard distance": {
        "jaccard_distance": 0.8789064836133954
    }
}