{
    "Plot": {
        "vanilla": 0.4419611528822055,
        "expts": 0.3041165413533834,
        "Tie": 0.253922305764411
    },
    "Creativity": {
        "vanilla": 0.4417857142857143,
        "expts": 0.3426691729323308,
        "Tie": 0.2155451127819549
    },
    "Development (Character and Setting)": {
        "vanilla": 0.4519548872180451,
        "expts": 0.3198621553884712,
        "Tie": 0.2281829573934837
    },
    "Language Use": {
        "vanilla": 0.5380137844611529,
        "expts": 0.3521303258145363,
        "Tie": 0.10985588972431078
    }
}