{
    "Rouge": {
        "rouge1": 0.3935252348362366,
        "rouge2": 0.06372948222595656,
        "rougeL": 0.15053929800837623
    },
    "BLEU": {
        "bleu": 0.009786667153482666,
        "backwards_bleu": 0.010227702927036673
    },
    "Bertscore": {
        "precision": 0.8147468864917755,
        "recall": 0.8070171922445297,
        "f1": 0.8108558043837547
    },
    "Jaccard distance": {
        "jaccard_distance": 0.9000364696985473
    }
}