{
    "Rouge": {
        "rouge1": 0.4190408945647346,
        "rouge2": 0.0800560116502295,
        "rougeL": 0.14598438002618855
    },
    "BLEU": {
        "bleu": 0.008698560848229491,
        "backwards_bleu": 0.009618048426245682
    },
    "Bertscore": {
        "precision": 0.8182721265724727,
        "recall": 0.8125839020524707,
        "f1": 0.8154082426003048
    },
    "Jaccard distance": {
        "jaccard_distance": 0.8806751479134602
    }
}