{
    "Plot": {
        "vanilla": 0.5263157894736842,
        "expts": 0.3157894736842105,
        "Tie": 0.15789473684210525
    },
    "Creativity": {
        "expts": 0.631578947368421,
        "Tie": 0.22807017543859648,
        "vanilla": 0.14035087719298245
    },
    "Development (Character and Setting)": {
        "expts": 0.45614035087719296,
        "vanilla": 0.40350877192982454,
        "Tie": 0.14035087719298245
    },
    "Language Use": {
        "expts": 0.49122807017543857,
        "vanilla": 0.3508771929824561,
        "Tie": 0.15789473684210525
    }
}