{
    "Plot": {
        "vanilla": 0.425,
        "Tie": 0.3,
        "expts": 0.275
    },
    "Creativity": {
        "expts": 0.575,
        "Tie": 0.325,
        "vanilla": 0.1
    },
    "Development (Character and Setting)": {
        "expts": 0.41025641025641024,
        "vanilla": 0.38461538461538464,
        "Tie": 0.20512820512820512
    },
    "Language Use": {
        "expts": 0.48717948717948717,
        "vanilla": 0.358974358974359,
        "Tie": 0.15384615384615385
    }
}