{
    "Rouge": {
        "rouge1": 0.4018550580031322,
        "rouge2": 0.0680681636045913,
        "rougeL": 0.1525062776103899
    },
    "BLEU": {
        "bleu": 0.011118448302988792,
        "backwards_bleu": 0.011298667473349549
    },
    "Bertscore": {
        "precision": 0.8149765983223916,
        "recall": 0.8073899284005165,
        "f1": 0.8111533910036087
    },
    "Jaccard distance": {
        "jaccard_distance": 0.8954424668464457
    }
}