{
    "Rouge": {
        "rouge1": 0.3901849103797368,
        "rouge2": 0.06319855428371414,
        "rougeL": 0.1503838674499859
    },
    "BLEU": {
        "bleu": 0.00963501545810989,
        "backwards_bleu": 0.010122819359067527
    },
    "Bertscore": {
        "precision": 0.8133782759308815,
        "recall": 0.806857767701149,
        "f1": 0.8100958362221717
    },
    "Jaccard distance": {
        "jaccard_distance": 0.8992830017958395
    }
}