{
    "Plot": {
        "expts": 0.4666666666666667,
        "vanilla": 0.4666666666666667,
        "Tie": 0.06666666666666667
    },
    "Creativity": {
        "expts": 0.9333333333333333,
        "vanilla": 0.06666666666666667
    },
    "Development (Character and Setting)": {
        "vanilla": 0.6,
        "expts": 0.4
    },
    "Language Use": {
        "expts": 0.8,
        "vanilla": 0.2
    }
}