{
    "Rouge": {
        "rouge1": 0.4218692617711049,
        "rouge2": 0.07519519794236441,
        "rougeL": 0.1442368805177831
    },
    "BLEU": {
        "bleu": 0.007656111702839882,
        "backwards_bleu": 0.008589945786563132
    },
    "Bertscore": {
        "precision": 0.8211126753262111,
        "recall": 0.8131983365331378,
        "f1": 0.8171209735529763
    },
    "Jaccard distance": {
        "jaccard_distance": 0.8868512825671571
    }
}