{
    "Rouge": {
        "rouge1": 0.4154824689226494,
        "rouge2": 0.07794331224722373,
        "rougeL": 0.1442869852395134
    },
    "BLEU": {
        "bleu": 0.008847453300873397,
        "backwards_bleu": 0.010022797944822094
    },
    "Bertscore": {
        "precision": 0.8181425716195788,
        "recall": 0.8130025097302028,
        "f1": 0.8155538056577954
    },
    "Jaccard distance": {
        "jaccard_distance": 0.8860270343505438
    }
}