{
    "Rouge": {
        "rouge1": 0.40530112192836687,
        "rouge2": 0.06670051944065293,
        "rougeL": 0.14457604995867382
    },
    "BLEU": {
        "bleu": 0.008752719489870492,
        "backwards_bleu": 0.009100576312801008
    },
    "Bertscore": {
        "precision": 0.8134915987650554,
        "recall": 0.8134328683217367,
        "f1": 0.8134477257728576
    },
    "Jaccard distance": {
        "jaccard_distance": 0.8970829875925832
    }
}