{
    "author_attribution": {
        "author_attr_cosine_similarity_gt": 0.8650989303323958,
        "author_attr_cosine_similarity_gen": 0.7188660665353139
    }
}