{
    "Rouge": {
        "rouge1": 0.40849628865122334,
        "rouge2": 0.06730104564296553,
        "rougeL": 0.14690723763836439
    },
    "BLEU": {
        "bleu": 0.010571393368627646,
        "backwards_bleu": 0.010471515551412996
    },
    "Bertscore": {
        "precision": 0.811756232380867,
        "recall": 0.8078904569149017,
        "f1": 0.8098037779331207
    },
    "Jaccard distance": {
        "jaccard_distance": 0.8949644883721977
    }
}