{
    "Rouge": {
        "rouge1": 0.42933986802236124,
        "rouge2": 0.0768333574941627,
        "rougeL": 0.1489669409017283
    },
    "BLEU": {
        "bleu": 0.010642010167278292,
        "backwards_bleu": 0.01121409527599673
    },
    "Bertscore": {
        "precision": 0.8207302249968051,
        "recall": 0.8179575636982918,
        "f1": 0.8193314708769321
    },
    "Jaccard distance": {
        "jaccard_distance": 0.8779845518942517
    }
}