{
    "Plot": {
        "expts": 0.51531328320802,
        "vanilla": 0.30394736842105263,
        "Tie": 0.1807393483709273
    },
    "Creativity": {
        "vanilla": 0.4476754385964912,
        "expts": 0.43882832080200507,
        "Tie": 0.11349624060150373
    },
    "Development (Character and Setting)": {
        "vanilla": 0.48795112781954886,
        "expts": 0.45165413533834586,
        "Tie": 0.06039473684210526
    },
    "Language Use": {
        "expts": 0.5461591478696742,
        "vanilla": 0.3686215538847118,
        "Tie": 0.08521929824561403
    }
}