{
    "Plot": {
        "expts": 0.42857142857142855,
        "vanilla": 0.35714285714285715,
        "Tie": 0.21428571428571427
    },
    "Creativity": {
        "expts": 0.5,
        "vanilla": 0.2857142857142857,
        "Tie": 0.21428571428571427
    },
    "Development (Character and Setting)": {
        "vanilla": 0.5714285714285714,
        "expts": 0.42857142857142855
    },
    "Language Use": {
        "vanilla": 0.5714285714285714,
        "expts": 0.42857142857142855
    }
}