{
    "Rouge": {
        "rouge1": 0.410550765714253,
        "rouge2": 0.06912705296921103,
        "rougeL": 0.14714738115237344
    },
    "BLEU": {
        "bleu": 0.013514434569406574,
        "backwards_bleu": 0.014394334302869023
    },
    "Bertscore": {
        "precision": 0.8204822770336218,
        "recall": 0.8139335157578451,
        "f1": 0.817179917243489
    },
    "Jaccard distance": {
        "jaccard_distance": 0.8897275856638818
    }
}