{
    "Rouge": {
        "rouge1": 0.4414159433488826,
        "rouge2": 0.07608266918110719,
        "rougeL": 0.14684084196402072
    },
    "BLEU": {
        "bleu": 0.010119535224379734,
        "backwards_bleu": 0.010176984440989145
    },
    "Bertscore": {
        "precision": 0.8157910585403443,
        "recall": 0.8154234051704407,
        "f1": 0.8155927101771037
    },
    "Jaccard distance": {
        "jaccard_distance": 0.884825163804732
    }
}