{
    "length": {
        "avg_length_gt": 1234.4666666666667,
        "avg_length_gen": 1127.4
    },
    "reading_score": {
        "avg_flesch_reading_score_gt": 81.92133333333332,
        "avg_flesch_reading_score_gen": 79.22133333333333
    },
    "luar_score": {
        "avg_luar_cosine_similarity": 0.7146266666666666
    }
}