{
    "Rouge": {
        "rouge1": 0.4004192869316524,
        "rouge2": 0.06812317020204255,
        "rougeL": 0.1470324078370228
    },
    "BLEU": {
        "bleu": 0.011635794441832308,
        "backwards_bleu": 0.011867855254445552
    },
    "Bertscore": {
        "precision": 0.8135567466417949,
        "recall": 0.8098418752352396,
        "f1": 0.8116839726765951
    },
    "Jaccard distance": {
        "jaccard_distance": 0.8926130057637407
    }
}