{
    "Rouge": {
        "rouge1": 0.41895976715921474,
        "rouge2": 0.07677268304452481,
        "rougeL": 0.14924816252003822
    },
    "BLEU": {
        "bleu": 0.008367824321725854,
        "backwards_bleu": 0.00861995171023453
    },
    "Bertscore": {
        "precision": 0.8155770023663839,
        "recall": 0.8095585187276204,
        "f1": 0.8125439087549845
    },
    "Jaccard distance": {
        "jaccard_distance": 0.8890041418127768
    }
}