{
    "Plot": {
        "vanilla": 0.45157268170426057,
        "expts": 0.34482456140350876,
        "Tie": 0.20360275689223056
    },
    "Creativity": {
        "expts": 0.528577694235589,
        "vanilla": 0.2419987468671679,
        "Tie": 0.22942355889724309
    },
    "Development (Character and Setting)": {
        "vanilla": 0.43143435511856565,
        "expts": 0.40399363794100634,
        "Tie": 0.164572006940428
    },
    "Language Use": {
        "expts": 0.5443719876614613,
        "vanilla": 0.3238750722961249,
        "Tie": 0.13175294004241372
    }
}