{
    "Rouge": {
        "rouge1": 0.41481708156769287,
        "rouge2": 0.0784451415257904,
        "rougeL": 0.14503585832014204
    },
    "BLEU": {
        "bleu": 0.008895995591372692,
        "backwards_bleu": 0.009949626605458617
    },
    "Bertscore": {
        "precision": 0.8179858326911926,
        "recall": 0.8122206841196332,
        "f1": 0.815083099263055
    },
    "Jaccard distance": {
        "jaccard_distance": 0.8848890746320913
    }
}