{
    "Rouge": {
        "rouge1": 0.4378190544912376,
        "rouge2": 0.08920518687300023,
        "rougeL": 0.157807989428435
    },
    "BLEU": {
        "bleu": 0.028326538766310402,
        "backwards_bleu": 0.029946969057759423
    },
    "Bertscore": {
        "precision": 0.8285284282868368,
        "recall": 0.822971454837866,
        "f1": 0.8257245233184413
    },
    "Jaccard distance": {
        "jaccard_distance": 0.8747197940741102
    }
}