{
    "Rouge": {
        "rouge1": 0.39225305385933795,
        "rouge2": 0.07334319099238094,
        "rougeL": 0.1385393482319325
    },
    "BLEU": {
        "bleu": 0.00655202407128161,
        "backwards_bleu": 0.008344129719100589
    },
    "Bertscore": {
        "precision": 0.8204492926597595,
        "recall": 0.8145275371415275,
        "f1": 0.817466276032584
    },
    "Jaccard distance": {
        "jaccard_distance": 0.8890498628987974
    }
}