{
    "Plot": {
        "expts": 0.5714285714285714,
        "Tie": 0.2857142857142857,
        "vanilla": 0.14285714285714285
    },
    "Creativity": {
        "expts": 0.6428571428571429,
        "Tie": 0.21428571428571427,
        "vanilla": 0.14285714285714285
    },
    "Development (Character and Setting)": {
        "expts": 0.7142857142857143,
        "vanilla": 0.21428571428571427,
        "Tie": 0.07142857142857142
    },
    "Language Use": {
        "expts": 0.5,
        "Tie": 0.2857142857142857,
        "vanilla": 0.21428571428571427
    }
}