{
    "Plot": {
        "expts": 0.6277944862155389,
        "vanilla": 0.2136591478696742,
        "Tie": 0.15854636591478696
    },
    "Creativity": {
        "expts": 0.5077380952380952,
        "vanilla": 0.3380012531328321,
        "Tie": 0.15426065162907268
    },
    "Development (Character and Setting)": {
        "expts": 0.5406203007518797,
        "vanilla": 0.34386591478696743,
        "Tie": 0.11551378446115286
    },
    "Language Use": {
        "expts": 0.6292105263157894,
        "vanilla": 0.22693609022556388,
        "Tie": 0.14385338345864662
    }
}