{
    "Rouge": {
        "rouge1": 0.3970495679118508,
        "rouge2": 0.063320290783536,
        "rougeL": 0.14328093124238686
    },
    "BLEU": {
        "bleu": 0.015141155531701297,
        "backwards_bleu": 0.015295260761020042
    },
    "Bertscore": {
        "precision": 0.8178234853242573,
        "recall": 0.8148943687740126,
        "f1": 0.8163419439081561
    },
    "Jaccard distance": {
        "jaccard_distance": 0.8975456051926047
    }
}