{
    "Rouge": {
        "rouge1": 0.3818475325391548,
        "rouge2": 0.05517450152419443,
        "rougeL": 0.14035756584280396
    },
    "BLEU": {
        "bleu": 0.010813709909131627,
        "backwards_bleu": 0.010846060414894367
    },
    "Bertscore": {
        "precision": 0.8189583089897188,
        "recall": 0.8181292785931442,
        "f1": 0.8185300218351816
    },
    "Jaccard distance": {
        "jaccard_distance": 0.8991648155175593
    }
}