{
    "Rouge": {
        "rouge1": 0.4438858144013681,
        "rouge2": 0.07854334852488223,
        "rougeL": 0.14549417038688534
    },
    "BLEU": {
        "bleu": 0.007366858631635541,
        "backwards_bleu": 0.007654999727899023
    },
    "Bertscore": {
        "precision": 0.815892334495272,
        "recall": 0.814258622271674,
        "f1": 0.8150643450873238
    },
    "Jaccard distance": {
        "jaccard_distance": 0.8840508586994132
    }
}