{
    "Rouge": {
        "rouge1": 0.40557746134138944,
        "rouge2": 0.06389211043744361,
        "rougeL": 0.14262654026010416
    },
    "BLEU": {
        "bleu": 0.013496823376572811,
        "backwards_bleu": 0.013540786977529933
    },
    "Bertscore": {
        "precision": 0.816830667487362,
        "recall": 0.8153037219716791,
        "f1": 0.8160515040682074
    },
    "Jaccard distance": {
        "jaccard_distance": 0.8957930033250787
    }
}