{
    "Rouge": {
        "rouge1": 0.43719263379873813,
        "rouge2": 0.07979343441724697,
        "rougeL": 0.14205002897884586
    },
    "BLEU": {
        "bleu": 0.006599682476308997,
        "backwards_bleu": 0.007016819309577572
    },
    "Bertscore": {
        "precision": 0.8186295798846653,
        "recall": 0.8172933885029384,
        "f1": 0.8179449439048767
    },
    "Jaccard distance": {
        "jaccard_distance": 0.879177213943618
    }
}