{
    "Rouge": {
        "rouge1": 0.40529188094605,
        "rouge2": 0.06841896771526965,
        "rougeL": 0.14649196258263147
    },
    "BLEU": {
        "bleu": 0.014378783743467181,
        "backwards_bleu": 0.01530709621776286
    },
    "Bertscore": {
        "precision": 0.8206846170258104,
        "recall": 0.8137398163477579,
        "f1": 0.8171815934934115
    },
    "Jaccard distance": {
        "jaccard_distance": 0.889394280291313
    }
}