{
    "Rouge": {
        "rouge1": 0.42467288780274526,
        "rouge2": 0.07870311183254476,
        "rougeL": 0.149334163102055
    },
    "BLEU": {
        "bleu": 0.00962492816316422,
        "backwards_bleu": 0.01064808414786363
    },
    "Bertscore": {
        "precision": 0.8221884824335575,
        "recall": 0.8191507831215858,
        "f1": 0.8206564724445343
    },
    "Jaccard distance": {
        "jaccard_distance": 0.8807498407959387
    }
}