{
    "Plot": {
        "vanilla": 0.5,
        "expts": 0.35714285714285715,
        "Tie": 0.14285714285714285
    },
    "Creativity": {
        "vanilla": 0.6428571428571429,
        "expts": 0.21428571428571427,
        "Tie": 0.14285714285714285
    },
    "Development (Character and Setting)": {
        "expts": 0.42857142857142855,
        "Tie": 0.42857142857142855,
        "vanilla": 0.14285714285714285
    },
    "Language Use": {
        "vanilla": 0.42857142857142855,
        "expts": 0.42857142857142855,
        "Tie": 0.14285714285714285
    }
}