{
    "Plot": {
        "vanilla": 0.39135964912280696,
        "Tie": 0.31725563909774435,
        "expts": 0.29138471177944864
    },
    "Creativity": {
        "vanilla": 0.48773809523809525,
        "Tie": 0.2695802005012531,
        "expts": 0.24268170426065164
    },
    "Development (Character and Setting)": {
        "vanilla": 0.3944486215538847,
        "expts": 0.3168546365914787,
        "Tie": 0.28869674185463656
    },
    "Language Use": {
        "vanilla": 0.5280962020435704,
        "expts": 0.2589835164835165,
        "Tie": 0.21292028147291306
    }
}