{
    "Plot": {
        "vanilla": 0.38596491228070173,
        "Tie": 0.3684210526315789,
        "expts": 0.24561403508771928
    },
    "Creativity": {
        "Tie": 0.3508771929824561,
        "vanilla": 0.3333333333333333,
        "expts": 0.3157894736842105
    },
    "Development (Character and Setting)": {
        "vanilla": 0.42105263157894735,
        "Tie": 0.2982456140350877,
        "expts": 0.2807017543859649
    },
    "Language Use": {
        "vanilla": 0.45614035087719296,
        "expts": 0.3333333333333333,
        "Tie": 0.21052631578947367
    }
}