{
    "Rouge": {
        "rouge1": 0.39815515595918577,
        "rouge2": 0.06816201473051367,
        "rougeL": 0.1470660037296242
    },
    "BLEU": {
        "bleu": 0.014058061695638582,
        "backwards_bleu": 0.014374292701602679
    },
    "Bertscore": {
        "precision": 0.8206693394142285,
        "recall": 0.8127883871396383,
        "f1": 0.8166955249351368
    },
    "Jaccard distance": {
        "jaccard_distance": 0.8887900373045432
    }
}