{
    "Plot": {
        "expts": 0.592531328320802,
        "vanilla": 0.2776691729323308,
        "Tie": 0.12979949874686716
    },
    "Creativity": {
        "expts": 0.6273052885378002,
        "vanilla": 0.26737635227308776,
        "Tie": 0.105318359189112
    },
    "Development (Character and Setting)": {
        "expts": 0.610440975857365,
        "vanilla": 0.2852322261349577,
        "Tie": 0.10432679800767741
    },
    "Language Use": {
        "expts": 0.7705860805860805,
        "vanilla": 0.12564102564102564,
        "Tie": 0.10377289377289375
    }
}