{
    "Rouge": {
        "rouge1": 0.4091431154623859,
        "rouge2": 0.06758263276214409,
        "rougeL": 0.14533649033471513
    },
    "BLEU": {
        "bleu": 0.011540960564268503,
        "backwards_bleu": 0.012386359459219409
    },
    "Bertscore": {
        "precision": 0.8207169645710995,
        "recall": 0.8132121207421286,
        "f1": 0.816933066175695
    },
    "Jaccard distance": {
        "jaccard_distance": 0.890390168068577
    }
}