{
    "Plot": {
        "expts": 0.8421052631578947,
        "vanilla": 0.12280701754385964,
        "Tie": 0.03508771929824561
    },
    "Creativity": {
        "expts": 0.6785714285714286,
        "vanilla": 0.26785714285714285,
        "Tie": 0.05357142857142857
    },
    "Development (Character and Setting)": {
        "expts": 0.625,
        "vanilla": 0.3392857142857143,
        "Tie": 0.03571428571428571
    },
    "Language Use": {
        "expts": 0.625,
        "vanilla": 0.3392857142857143,
        "Tie": 0.03571428571428571
    }
}