{
    "Plot": {
        "vanilla": 0.5714285714285714,
        "expts": 0.42857142857142855
    },
    "Creativity": {
        "vanilla": 0.5714285714285714,
        "expts": 0.35714285714285715,
        "Tie": 0.07142857142857142
    },
    "Development (Character and Setting)": {
        "vanilla": 0.5714285714285714,
        "expts": 0.42857142857142855
    },
    "Language Use": {
        "expts": 0.8571428571428571,
        "vanilla": 0.14285714285714285
    }
}