{
    "Plot": {
        "expts": 0.5714285714285714,
        "vanilla": 0.42857142857142855
    },
    "Creativity": {
        "expts": 0.7142857142857143,
        "vanilla": 0.21428571428571427,
        "Tie": 0.07142857142857142
    },
    "Development (Character and Setting)": {
        "expts": 0.5714285714285714,
        "vanilla": 0.42857142857142855
    },
    "Language Use": {
        "expts": 0.9285714285714286,
        "vanilla": 0.07142857142857142
    }
}