{
    "Creativity": {
        "expts": 0.8666666666666667,
        "vanilla": 0.13333333333333333
    },
    "Development (Character and Setting)": {
        "vanilla": 0.6666666666666666,
        "expts": 0.3333333333333333
    },
    "Language Use": {
        "expts": 0.5333333333333333,
        "vanilla": 0.4666666666666667
    },
    "Plot": {
        "vanilla": 0.5,
        "expts": 0.5
    }
}