{
    "Plot": {
        "vanilla": 0.5096774193548387,
        "expts": 0.47096774193548385,
        "Tie": 0.01935483870967742
    },
    "Creativity": {
        "expts": 0.7025316455696202,
        "vanilla": 0.2721518987341772,
        "Tie": 0.02531645569620253
    },
    "Development (Character and Setting)": {
        "vanilla": 0.5668789808917197,
        "expts": 0.4267515923566879,
        "Tie": 0.006369426751592357
    },
    "Language Use": {
        "expts": 0.5031847133757962,
        "vanilla": 0.49044585987261147,
        "Tie": 0.006369426751592357
    }
}