{
    "Plot": {
        "expts": 0.5555555555555556,
        "vanilla": 0.4444444444444444
    },
    "Creativity": {
        "expts": 0.8888888888888888,
        "vanilla": 0.1111111111111111
    },
    "Development (Character and Setting)": {
        "expts": 0.5555555555555556,
        "vanilla": 0.4444444444444444
    },
    "Language Use": {
        "expts": 0.6666666666666666,
        "vanilla": 0.3333333333333333
    }
}