{
    "Plot": {
        "vanilla": 0.7142857142857143,
        "expts": 0.2698412698412698,
        "Tie": 0.015873015873015872
    },
    "Creativity": {
        "expts": 0.546875,
        "vanilla": 0.4375,
        "Tie": 0.015625
    },
    "Development (Character and Setting)": {
        "vanilla": 0.7619047619047619,
        "expts": 0.2222222222222222,
        "Tie": 0.015873015873015872
    },
    "Language Use": {
        "vanilla": 0.734375,
        "expts": 0.265625
    }
}