{
    "Plot": {
        "expts": 0.5043478260869565,
        "vanilla": 0.47391304347826085,
        "Tie": 0.021739130434782608
    },
    "Creativity": {
        "expts": 0.7161016949152542,
        "vanilla": 0.2669491525423729,
        "Tie": 0.01694915254237288
    },
    "Development (Character and Setting)": {
        "vanilla": 0.5276595744680851,
        "expts": 0.46808510638297873,
        "Tie": 0.00425531914893617
    },
    "Language Use": {
        "vanilla": 0.5,
        "expts": 0.49572649572649574,
        "Tie": 0.004273504273504274
    }
}