{
    "Plot": {
        "expts": 0.5043478260869565,
        "vanilla": 0.47391304347826085,
        "Tie": 0.021739130434782608
    },
    "Creativity": {
        "expts": 0.7203389830508474,
        "vanilla": 0.2669491525423729,
        "Tie": 0.012711864406779662
    },
    "Development (Character and Setting)": {
        "vanilla": 0.5148936170212766,
        "expts": 0.4808510638297872,
        "Tie": 0.00425531914893617
    },
    "Language Use": {
        "expts": 0.5085470085470085,
        "vanilla": 0.48717948717948717,
        "Tie": 0.004273504273504274
    }
}