{
    "Plot": {
        "expts": 0.44985588972431073,
        "vanilla": 0.3979197994987469,
        "Tie": 0.15222431077694237
    },
    "Creativity": {
        "expts": 0.49856516290726816,
        "vanilla": 0.3188408521303258,
        "Tie": 0.182593984962406
    },
    "Development (Character and Setting)": {
        "expts": 0.5013471177944863,
        "vanilla": 0.43926691729323314,
        "Tie": 0.05938596491228071
    },
    "Language Use": {
        "expts": 0.49833333333333335,
        "vanilla": 0.3845238095238095,
        "Tie": 0.11714285714285713
    }
}