{
    "Plot": {
        "expts": 0.47368421052631576,
        "vanilla": 0.3157894736842105,
        "Tie": 0.21052631578947367
    },
    "Creativity": {
        "expts": 0.7017543859649122,
        "vanilla": 0.15789473684210525,
        "Tie": 0.14035087719298245
    },
    "Development (Character and Setting)": {
        "expts": 0.45614035087719296,
        "vanilla": 0.43859649122807015,
        "Tie": 0.10526315789473684
    },
    "Language Use": {
        "expts": 0.5,
        "vanilla": 0.4107142857142857,
        "Tie": 0.08928571428571429
    }
}