{
    "Plot": {
        "expts": 0.49138471177944865,
        "vanilla": 0.3694736842105263,
        "Tie": 0.13914160401002507
    },
    "Creativity": {
        "expts": 0.4860526315789474,
        "vanilla": 0.3480764411027569,
        "Tie": 0.16587092731829572
    },
    "Development (Character and Setting)": {
        "expts": 0.5495238095238095,
        "vanilla": 0.40547619047619055,
        "Tie": 0.045000000000000005
    },
    "Language Use": {
        "expts": 0.5632644110275689,
        "vanilla": 0.36182330827067666,
        "Tie": 0.07491228070175439
    }
}