{
    "Plot": {
        "expts": 0.525,
        "vanilla": 0.35,
        "Tie": 0.125
    },
    "Creativity": {
        "expts": 0.4810126582278481,
        "vanilla": 0.31645569620253167,
        "Tie": 0.20253164556962025
    },
    "Development (Character and Setting)": {
        "expts": 0.5949367088607594,
        "vanilla": 0.26582278481012656,
        "Tie": 0.13924050632911392
    },
    "Language Use": {
        "expts": 0.8076923076923077,
        "vanilla": 0.1282051282051282,
        "Tie": 0.0641025641025641
    }
}