{
    "Plot": {
        "expts": 0.4666666666666667,
        "vanilla": 0.4,
        "Tie": 0.13333333333333333
    },
    "Creativity": {
        "expts": 0.6666666666666666,
        "vanilla": 0.3333333333333333
    },
    "Development (Character and Setting)": {
        "expts": 0.5333333333333333,
        "vanilla": 0.3333333333333333,
        "Tie": 0.13333333333333333
    },
    "Language Use": {
        "expts": 0.6666666666666666,
        "vanilla": 0.2,
        "Tie": 0.13333333333333333
    }
}