{
    "Plot": {
        "expts": 0.8245614035087719,
        "Tie": 0.12280701754385964,
        "vanilla": 0.05263157894736842
    },
    "Creativity": {
        "expts": 0.8245614035087719,
        "vanilla": 0.12280701754385964,
        "Tie": 0.05263157894736842
    },
    "Development (Character and Setting)": {
        "expts": 0.8596491228070176,
        "vanilla": 0.08771929824561403,
        "Tie": 0.05263157894736842
    },
    "Language Use": {
        "expts": 0.8392857142857143,
        "Tie": 0.10714285714285714,
        "vanilla": 0.05357142857142857
    }
}