{
    "Plot": {
        "vanilla": 0.7142857142857143,
        "Tie": 0.14285714285714285,
        "expts": 0.14285714285714285
    },
    "Creativity": {
        "expts": 0.6428571428571429,
        "vanilla": 0.21428571428571427,
        "Tie": 0.14285714285714285
    },
    "Development (Character and Setting)": {
        "vanilla": 0.7142857142857143,
        "expts": 0.2857142857142857
    },
    "Language Use": {
        "vanilla": 0.5,
        "expts": 0.5
    }
}