{
    "Plot": {
        "expts": 0.49001879699248113,
        "vanilla": 0.39803258145363407,
        "Tie": 0.1119486215538847
    },
    "Creativity": {
        "expts": 0.4863345864661654,
        "vanilla": 0.38570802005012533,
        "Tie": 0.12795739348370927
    },
    "Development (Character and Setting)": {
        "vanilla": 0.5545676691729323,
        "expts": 0.4075814536340852,
        "Tie": 0.037850877192982454
    },
    "Language Use": {
        "expts": 0.5307894736842105,
        "vanilla": 0.4193421052631579,
        "Tie": 0.049868421052631576
    }
}