{
    "Plot": {
        "expts": 0.5614035087719298,
        "vanilla": 0.3508771929824561,
        "Tie": 0.08771929824561403
    },
    "Creativity": {
        "expts": 0.5263157894736842,
        "vanilla": 0.3684210526315789,
        "Tie": 0.10526315789473684
    },
    "Development (Character and Setting)": {
        "expts": 0.543859649122807,
        "vanilla": 0.42105263157894735,
        "Tie": 0.03508771929824561
    },
    "Language Use": {
        "expts": 0.5789473684210527,
        "vanilla": 0.3508771929824561,
        "Tie": 0.07017543859649122
    }
}