{
    "Plot": {
        "expts": 0.5789473684210527,
        "vanilla": 0.22807017543859648,
        "Tie": 0.19298245614035087
    },
    "Creativity": {
        "expts": 0.5614035087719298,
        "vanilla": 0.3508771929824561,
        "Tie": 0.08771929824561403
    },
    "Development (Character and Setting)": {
        "vanilla": 0.47368421052631576,
        "expts": 0.40350877192982454,
        "Tie": 0.12280701754385964
    },
    "Language Use": {
        "expts": 0.5087719298245614,
        "vanilla": 0.38596491228070173,
        "Tie": 0.10526315789473684
    }
}