{
    "Rouge": {
        "rouge1": 0.4122050620738336,
        "rouge2": 0.07348748253326914,
        "rougeL": 0.147109645438228
    },
    "BLEU": {
        "bleu": 0.011495807514957703,
        "backwards_bleu": 0.012111585654605721
    },
    "Bertscore": {
        "precision": 0.8153307676315308,
        "recall": 0.8108107725779216,
        "f1": 0.8130505760510762
    },
    "Jaccard distance": {
        "jaccard_distance": 0.893965405134106
    }
}