{
    "length": {
        "avg_length_gt": 1234.4666666666667,
        "avg_length_gen": 961.1333333333333
    },
    "reading_score": {
        "avg_flesch_reading_score_gt": 81.92133333333332,
        "avg_flesch_reading_score_gen": 76.72666666666667
    },
    "luar_score": {
        "avg_luar_cosine_similarity": 0.7284799999999999
    }
}