{
    "Plot": {
        "expts": 0.5284085213032581,
        "vanilla": 0.30025689223057644,
        "Tie": 0.17133458646616542
    },
    "Creativity": {
        "expts": 0.42332080200501254,
        "vanilla": 0.4161152882205513,
        "Tie": 0.16056390977443608
    },
    "Development (Character and Setting)": {
        "vanilla": 0.5505325814536342,
        "expts": 0.3838972431077694,
        "Tie": 0.06557017543859649
    },
    "Language Use": {
        "expts": 0.506109022556391,
        "vanilla": 0.3996929824561404,
        "Tie": 0.09419799498746868
    }
}