{
    "Plot": {
        "expts": 0.5789473684210527,
        "vanilla": 0.22807017543859648,
        "Tie": 0.19298245614035087
    },
    "Creativity": {
        "vanilla": 0.42105263157894735,
        "expts": 0.40350877192982454,
        "Tie": 0.17543859649122806
    },
    "Development (Character and Setting)": {
        "expts": 0.5087719298245614,
        "vanilla": 0.3508771929824561,
        "Tie": 0.14035087719298245
    },
    "Language Use": {
        "expts": 0.45614035087719296,
        "vanilla": 0.38596491228070173,
        "Tie": 0.15789473684210525
    }
}