{
    "Rouge": {
        "rouge1": 0.4329455998788413,
        "rouge2": 0.09357051098853097,
        "rougeL": 0.16784497964290784
    },
    "BLEU": {
        "bleu": 0.03932493558384783,
        "backwards_bleu": 0.03933109219317352
    },
    "Bertscore": {
        "precision": 0.8216190800070763,
        "recall": 0.8186112165451049,
        "f1": 0.8201005026698113
    },
    "Jaccard distance": {
        "jaccard_distance": 0.8804731618962096
    }
}