{
    "Rouge": {
        "rouge1": 0.3958937717736185,
        "rouge2": 0.06796251285532381,
        "rougeL": 0.145031967769198
    },
    "BLEU": {
        "bleu": 0.007188079816954455,
        "backwards_bleu": 0.007967043309859626
    },
    "Bertscore": {
        "precision": 0.8130795041720073,
        "recall": 0.8088934262593587,
        "f1": 0.8109699328740437
    },
    "Jaccard distance": {
        "jaccard_distance": 0.8973180642739885
    }
}