{
    "Rouge": {
        "rouge1": 0.38881107892543654,
        "rouge2": 0.05954001440290424,
        "rougeL": 0.15179250292826346
    },
    "BLEU": {
        "bleu": 0.009535262141806281,
        "backwards_bleu": 0.009541163852567421
    },
    "Bertscore": {
        "precision": 0.8111104667186737,
        "recall": 0.8074083030223846,
        "f1": 0.8092442065477371
    },
    "Jaccard distance": {
        "jaccard_distance": 0.9037607570202443
    }
}