{
    "Rouge": {
        "rouge1": 0.4586674972882011,
        "rouge2": 0.08414105617359231,
        "rougeL": 0.1475483948186574
    },
    "BLEU": {
        "bleu": 0.010032998172309033,
        "backwards_bleu": 0.010370642212993608
    },
    "Bertscore": {
        "precision": 0.8167862636702401,
        "recall": 0.8149693480559758,
        "f1": 0.8158599180834634
    },
    "Jaccard distance": {
        "jaccard_distance": 0.8807083994445043
    }
}