{
    "Rouge": {
        "rouge1": 0.4231721408508564,
        "rouge2": 0.07134033272111481,
        "rougeL": 0.14455569585486555
    },
    "BLEU": {
        "bleu": 0.008318732654382864,
        "backwards_bleu": 0.008484248388212486
    },
    "Bertscore": {
        "precision": 0.8146642088890076,
        "recall": 0.8145592888196309,
        "f1": 0.8145991921424866
    },
    "Jaccard distance": {
        "jaccard_distance": 0.8921353195633448
    }
}