{
    "Rouge": {
        "rouge1": 0.3984886281353,
        "rouge2": 0.06964070224996509,
        "rougeL": 0.14412769938366268
    },
    "BLEU": {
        "bleu": 0.006904604241139003,
        "backwards_bleu": 0.007747274958241225
    },
    "Bertscore": {
        "precision": 0.8161400079727172,
        "recall": 0.8105296452840169,
        "f1": 0.8133098483085632
    },
    "Jaccard distance": {
        "jaccard_distance": 0.8980131247492926
    }
}