{
    "Rouge": {
        "rouge1": 0.433639192593136,
        "rouge2": 0.08109098094263398,
        "rougeL": 0.14994779710892017
    },
    "BLEU": {
        "bleu": 0.010014339110293504,
        "backwards_bleu": 0.011044259031297039
    },
    "Bertscore": {
        "precision": 0.8224392510950566,
        "recall": 0.8200829818844795,
        "f1": 0.8212492920458316
    },
    "Jaccard distance": {
        "jaccard_distance": 0.8792640276151473
    }
}