{
    "Plot": {
        "Tie": 0.3812593984962406,
        "vanilla": 0.3719548872180451,
        "expts": 0.24678571428571425
    },
    "Creativity": {
        "expts": 0.4290852130325814,
        "Tie": 0.3307142857142857,
        "vanilla": 0.2402005012531328
    },
    "Development (Character and Setting)": {
        "vanilla": 0.38558270676691725,
        "expts": 0.3219862155388471,
        "Tie": 0.29243107769423554
    },
    "Language Use": {
        "expts": 0.44627293516034355,
        "vanilla": 0.3073026047842837,
        "Tie": 0.24642446005537275
    }
}