{
    "Plot": {
        "expts": 0.6,
        "vanilla": 0.26666666666666666,
        "Tie": 0.13333333333333333
    },
    "Creativity": {
        "expts": 0.7333333333333333,
        "vanilla": 0.2,
        "Tie": 0.06666666666666667
    },
    "Development (Character and Setting)": {
        "vanilla": 0.6428571428571429,
        "expts": 0.35714285714285715
    },
    "Language Use": {
        "expts": 0.7142857142857143,
        "vanilla": 0.2857142857142857
    }
}