{
    "Rouge": {
        "rouge1": 0.43357496709706317,
        "rouge2": 0.0782931866609894,
        "rougeL": 0.15048643201398648
    },
    "BLEU": {
        "bleu": 0.011703737819962012,
        "backwards_bleu": 0.012379260317205137
    },
    "Bertscore": {
        "precision": 0.8227653726935387,
        "recall": 0.8198157377541065,
        "f1": 0.8212781406939029
    },
    "Jaccard distance": {
        "jaccard_distance": 0.877461133225704
    }
}